"docID","text"
1267545475747627008,"vica secretly gazing jack obvious feels pumpkin guy panaceagame"
1267992672255475712,"dont put unnecessary walls covid stayhome scotland visitscotland stayhomemusings"
1267658203115876352,"world prisons increasingly overcrowded humanrights abuses rampant denial basic heal"
1267547663580508160,"reminds zombie movie years ago people ingrained habit shopping"
1267929184632025088,"srry spam inverted rainbow flag cus"
1267992146813939712,"im organizing zombie crawl downtown los angeles tomorrow night lets scare"
1267487375845756928,"phase zombie apocalypse"
1268006417174351872,"excited vote ce st time voting researched chose felt"
1267957907733262336,"denver arrest protesters past curfew results"
1267592639538442240,"mahdi thinking fix"
1267655484720455680,"leader respond alert govton covid economic crises leader demand stimu"
1267294605009133568,"antifa suck"
1265433561852772352,"vampire nighthawk mtg artist jason chan"
1267982377940377600,"paid tax dollars"
1267998690754600960,"cops gassing crowd rainbow crosswalkits pride month"
1267657044057706496,"great humility guided rules transparency driven approach government crossed rs bln mark"
1267291159006674944,"dangerous fold recently trump designating amorphous thing called antifa giv"
1267607098034130944,"cycles dive zombie jade novah"
1267298900672761856,"taking antifa terrorist organization ball ag barr"
1267604446370037760,"rainbow nycprotest east village nyc stay safe yall"
1267601203543842816,"prayersthoughts loss dog isaboo racheljohn delight watch im miss sh"
1267304135839199232,"protesting blacklivesmatter"
1267981836787036160,"exo rainbow"
1267845308949704704,"unicornbeacon entropy beacon brisk red wolf dashed lazy dingo woofed bark yelp"
1265443932642652160,"happen companions mtg"
1267536275596337152,"talking bout unicorn sleep told invite girls"
1267740315865227264,"ordered mini paints threw mtg deck builders toolkit basket basica"
1266537562438590464,"started throwing things cnn plant make protestors bad protested dozens"
1267602225532043264,"hamacheeses rainbow aesthetic literally strived life"
1267990546510995456,"styling check instagram clowntown"
1267998696672825344,"hugs hardest part loving pet gift give"
1267484684314988544,"top survival games android zombie offline high graphics"
1267936380166049792,"poor man hard time rainbow mob hold itll"
1267976053936525312,"info thread donate thread youtubers watch proceeds ads pls"
1265374548461002752,"retweeting mtg magicthegathering fridaynightmagic fnm fnmathome share rt"
1267304140990033920,"tiktokers blacklivesmatter ruined daythen hit renegade minutes pos"
1267993908841271296,"chad eddinger yo worked wilkes barre va medical center pa died covid marine veter"
1267520781556355072,"dont forget order liv unicorn shirts livlikeaunicorn bethegood"
1267660324502736896,"shameful murderer cuomo defied cdc orders sending covid infected patients ltc homes kil"
1267801276005449728,"aww poo cool"
1267649701450518528,"ignores subpoenas refuses testify oath justice dept"
1267546325471690752,"wouldnt surprised zombie apocalypse started"
1265129131282501632,"shipping snafu wait extra week mtg ikoria webcam pre release weekend thi"
1267616056442368000,"zombie life starts tomorrow work errday"
1267602930477289472,"amidst pride cancelled companies pumping rainbow logos compared year"
1267927044639330304,"sharing"
1267872092105523200,"happy pride house zombie"
1267637392023982080,"place colors rainbow thought skin color bein issue actu"
1265835176426450944,"mtg base mass wipe effect cmdr im choosing damnat"
1268017323258122240,"tamil community feels brothers sisters killed tamil lets black"
1267592542960455680,"im glad felt anime strawberry garnish"
1267296623136083968,"choose america bunkerboy"
1265608505043582976,"meta deck helped climb ladder enjoy mtga mtg magic"
1267895821745471488,"trump zombie troll alert zombie wingnuts agree"
1267305087967223808,"person bulldoze peaceful protest pasadena bluelivesmatter flag means monster"
1266536904494845952,"lmaoo cnn gotta paying good money deadass thuggin mn riots"
1267297976948371456,"pio speaking ugly looked profile dead san"
1267527385605439488,"love diz zombie tacha amazing fans fans twee"
1268016356735111168,"people uk sign petition stop export tear gas rubber bullets riot shields fro"
1267939567874854912,"guess cards mtg magicthegathering"
1267639478954479616,"adoptmetrades petsit newborn unicorn full grown pay monkey box amc"
1267305165582823424,"support protestors exercising rights standing horrible injustices black peopl"
1267306907208949760,"bunkerboy"
1267880255928307712,"stop spouting irrelevant nonsense"
1267942470752624640,"called louisville metro police dept front desk gave number inbox full calling"
1267982256070524928,"hoodwinked world china chinaindiafaceoff chinazi coronavirus covid"
1267603716485648384,"bet hare easily make zombie hahaha lion simply pounced caterpillar ass"
1267602994847195136,"damn imagine knowing google make post put rainbow flag"
1267986861265469440,"police minister bheki cele hes concerned sale alcohol level alcholsales covid lockdown enca"
1266536905690230784,"dream cnn isnt ended butning building"
1267965209395658752,"storm rainbow"
1267297970237603840,"antifa terrorists terrorists negotiation"
1267918497864089600,"im beatiful rainbow support twibbon"
1267883786332590080,"listen learn act blackouttuesday"
1267658686723289088,"perus covid cases top deaths reach"
1267977697126264832,"forgot wont rainbow sash hangs yang"
1267304180886253568,"lucas stranger things blacklivesmatter vidasnegrasimportam"
1267619069454417920,"whats perfect celebrate pride month pic infront rainbow house pridemonth lgbtq"
1267304778750734336,"time reckoning duallanguage world languages complicit maintaining systems oppre"
1267885016132059136,"unicorn salve"
1267534995578654720,"mtg mtga mtgarena magicthegathering mtgo ehd mtgstandard investors timmys"
1268016422514503680,"urgent scanner update im hearing requests backup street ave manhattan hear"
1267306436754718720,"leadership country bunkerboy idiot"
1268017044093636608,"humans stronger blacklivesmatter"
1267943860401065984,"play content police"
1267949068627648512,"trading valentina cuffsk hip bag coins love bag rainbow armlets treasure satchel cherry"
1267619044657692672,"official dude dont imperial rainbow council"
1267656321572233216,"radio stations land blackouttuesday blacklivesmatter justiceforgeorgefloyd"
1267649306518945792,"team chinese medical experts ended mission tackle covid algeria departed"
1267789963233558528,"reminder yesterday podcast owns put links donate antifa bail fund stacy"
1267304292245012480,"march protest sign petitions speak people blacklivesmatter"
1267305176014217216,"emotional today boston showed blacklivesmatter"
1267982373091713024,"establishment lost credibility covid covid"
1267609300559593472,"noise black lifes stop hypocrisy referring lifes"
1267992903957114880,"horses sci fi book"
1267293799283404800,"ill discuss danger trump designate antifa terrorist organization gop points fingers"
1267588686415265792,"dogs hate zombie cheney"
1265058583093358592,"finally thing irl covid playing mtg join"
1266537237937872896,"twin joke oan biased reporte"
1265669911541624832,"historic budget deck competitive check wildcard mono blue tempo li"
1267869415296688128,"galaxy girl yeah halo nvm fucking told"
1267954664835821568,"creatures retweet mtg magicthegathering"
1267610340994560000,"growersland grows unicorn weed js aint gonna tho art love marijuana"
1267991931830833152,"beautiful rainbow pride month great surprise today"
1267310160088838144,"life matters threat live free born life isnt staffordva"
1266536622721576960,"highly respected political pundit hope privileged protestors destroying cnn atlanta understand"
1267827290169208832,"playzz nrf giraffe group funds nrf turtle group funds nrf evil unicorn group funds nrf king bee group funds"
1267795467183644672,"codeblue"
1267499114952081408,"im live switching game daystodie join zombie killing fun"
1267307707167436800,"lets argue blacklivesmatter georgefloyd alllivesmatterwhenblacklivesmatter looters protests"
1267305039380590592,"amazing paper people kneeled"
1267635570009726976,"happy pride month heres simple rainbow makeup"
1267306740543926272,"house halloween spent day eating candy kids start knocking bunkerboy"
1268000626379763712,"mrhs alums preaching school sunshine rainbow make clear sch"
1267948048841310208,"dont give fuck"
1267305170049937408,"stand make voice heard blacklivesmatter blm protests equality"
1267945654589898752,"expect gop complained cost lighting wh rainbow"
1267601494708125696,"barley warrior cat week hes favorite fluffy farmer man rainbow background"
1267305521918488576,"god wait vote decent man represent americans"
1267584055866011648,"rainbow transgender pride flags lifted hamont city hall independent review police cond"
1267468535468449792,"awesome gesture"
1267543610330923008,"charging fire uphill preferred strategy high ground advantage dissolved superior resolve"
1267595043247927296,"average ordinary citizens country gonna terrorist bullshit"
1267598353581223936,"ive heard rainbow grape vine pride canceled month days dedicated wrath"
1267431330620596224,"unicornbeacon entropy beacon agile spotted cat bounced slow jackal meowed howl howl"
1267915905368879104,"de blasio ny protesters created attempt surround ve"
1267980343400857600,"quiet"
1268017323681525760,"bought mask months ago sad unintended dual purpose"
1267711267571105792,"action site finding local representatives contacting"
1267587774057766912,"rt account safe place muslim black brown lgbtq armys"
1267795598335512576,"unicorn texture makes hurl"
1267484981615562752,"remember trumps fucking pandemic response whats happening past week"
1267652072532373504,"coronavirus reducing social distancing metre double risk infection study suggests covid"
1267659366586413056,"join lis leadership paque international panellists tomorrow cest"
1267505480773046272,"news wigan council network rail intend make signage clearer low bridges borough"
1267304399182852096,"blacklivesmatter questions lives matter rhetoric fig"
1268016746775994368,"evo supports blacklivesmatter recent protests fighting police brutality disproportionately affects black"
1267809292327030784,"winner fight zombiesave city ageofz"
1267305003242446848,"question explain bastardization flag doesnt violate flag code"
1267881685921730560,"unicorn chaser cool astro news"
1267613095649783808,"companies flipping coin deciding put black white logo rainbow"
1267304886258905088,"tragic matter opportunity violence hate peaceful protest"
1265708201087062016,"im playing mtg clear statement double masters wot"
1267956288832618496,"lights world surrender allure tokyo iridescent pink metallic bag color effect"
1267558312582811648,"brain dead zombie hoards unique utter clowns"
1267923921950695424,"hit"
1267659906993266688,"great votetrumpout covid"
1267304687956418560,"boots ground anons needed cities part join historical moment georgefloydprotests"
1267556985517596672,"built country burn antifa news site unicorn riot conducting ground interviews"
1267619121572786176,"love suck dick chant opted corporations making ads amazon apple"
1267999779897913344,"love queen"
1267656801480105984,"human rights defenders varavararao anandteltumbde shomasen sudhabharadwaj denied interim bail"
1268006886777008128,"protesters moving back bk hour trapped manhattan bridge nycprotests nyccurfew black"
1267857920932188160,"youve looked cc programming youll likelyve heard pointers references"
1267304162179592192,"songsdabunker bunkerboy cries"
1267987793600491520,"crack tee culturevulture cover dropping june hope fucks lets"
1267305150449844224,"pain anger drive insane understand yall im yall blacklivesmatter"
1265574697145696256,"rohini hattangadi interview rohini hattangadi complete package make laugh cry mesmerize"
1267660649653559296,"confirmed covid cases african continent recoveries deaths view country"
1267960697477980160,"hey black squares rainbow flags whatnot"
1267533012670926848,"zombie fucked wendys"
1267906153910067200,"takedown textbook"
1267953462353883136,"trump ill pass idea john lennon zombie eating brain weird"
1266537343751786496,"arrest young brown cnn reporter white cop killed black man thugs freeomarjimene"
1267933291438460928,"zombie enablers perfect description silent gop support president"
1267970472614014976,"made tumblr notes yooooo love yall"
1267497312705744896,"video game playing unicorn infinite adventure game houses"
1267990326771240960,"wherethewildthingsare fieldgrownflowers season officially visited longtime favorite"
1267309865631801344,"saboteur protests theyre infiltrating decent protests factions riots"
1267519108968583168,"unicorn tears taishou alice character song series volgretel"
1267815946002919424,"government records show grants export licences worth millions pounds sale anti crowd gas riot equipme"
1267607484711264256,"accommodative monetary policy big firms shut fed"
1267644795721113600,"tri colour flying high india indian hockey star nalconian sunita lakra bit raise"
1267304864922480640,"powerful masterpiece films black people dying state emergency cou"
1267414448945475584,"betrayer beast fake weloveshehnaaz shehnaazgiil shehnaazians"
1267659290740916224,"quarantine longer expected wanna due covid sending peop"
1267450724448960512,"dont wanna adult anymore unicorn"
1267969277434396672,"pues si quiero pegar tiro hoshi rainbow seungkwan generous taeyong regular woojin pretty woojin flower chenle precious"
1267616939217760256,"bet shes zombie"
1267989693414674432,"nitro cell special part rainbow siege"
1267944926978998272,"closeted telling parents rainbow gt"
1267800443020869632,"grand rising havent sleep"
1268016713301458944,"baby point blacklivesmatter"
1266719623971471360,"history mtg banned restricted list continues today part"
1268016487924740096,"ridiculous coward cadetbonespurs"
1267628770908729344,"shantar islands amazingly beautiful rich whales killer whales pinnipeds inhabi"
1267305020883681280,"literally pause posting content isnt blacklivesmatter related"
1267516357295439872,"rap cover cranberries zombie bad wolves song power"
1267286278971719680,"unite antifa black lives matter conservatives high jacked black community"
1267905598680707072,"dont talk world dead lol thing finally call duty zombi"
1266536712588517376,"fight moment failed social experimentwe fight cnn"
1267781832176779264,"worked morning time shower life order good morning babiesssss"
1267652033076776960,"long awaited federally backed loan program loan limits million positioned"
1267993549318078464,"worthwhile protest riot issues worth experts support"
1267412097832488960,"final episode ikoria dd adventure mystery solved happen npcs"
1267770655388454912,"intown stay strong baby shining"
1267304287052484608,"good morning time finally make millionaire whos la"
1267857247733813248,"watch"
1267940484762107904,"check creator id rainbow acnhdesign acnhpatterns acnhdesigns pride animalcrossing acnh"
1267968137997111296,"companies damn scared word gay pride month piece merchandise labeled pride rainb"
1267998622232334336,"ig boot rainbow rough gradient blue gray"
1267501535136628736,"horse write owners make celebrity"
1267650044527882240,"tomorrow voting moved covid elections montana mexico maryland south dakota dc iowa penns"
1267992835330125824,"rainbow meirm"
1267407423700164608,"unicornbeacon entropy beacon brisk spotted cat jumped sleepy dhole woofed yelp bark"
1267603332761346048,"black kumele uzazi mfondini call ndebele people kwerekwere"
1267525069313576960,"secret lair time ordered full sleeves pack mtg mtgsecretlair"
1267982386056355840,"july st zombie virus broke"
1267983822416605184,"remember covid stay safe"
1267839413284995072,"zombie apocalypse"
1267659724402688000,"hola journos connect covid aims provide busy newsrooms updates pandemic fighti"
1267513816432115712,"bring flaw bo ascension zombie ai stunt rolls fucking ducking aids"
1268017122388529152,"awful rip mister dorn remember blacklivesmatter"
1267828066287411200,"ckemery nun yeah means"
1267988671262797824,"twitter thing dont shy scholarships blackoutuesday whyididntreport covid houstonprotest"
1268016245942689792,"yall friends family countries hear blacklivesmatt"
1267833417019854848,"nun yeah gathered"
1267944756287504384,"wats give visa london stays boston stay nasana live zombie"
1267912520783798272,"unicorn labour rig elections nofanx"
1267734329905430528,"im stating obvious melmacian unicorn"
1267303811955273728,"black lives matter georgefloyd handsupdontshoot blacklivesmatter speakup icantbreathe"
1266491537082507264,"magic twitter dumpster fire latelybut bubbles mtg magicthegathering"
1267406713684209664,"narrows field misogynist racist unicorn"
1267916222001229824,"punch literally ended wouldve ha"
1267629761628528640,"give stubbs zombie remake cowards"
1266537566700023808,"whats terrible witness police car fire racial injustice"
1265587066789920768,"dont announcements instantly banning establishing watchlist"
1267882536602140672,"bc willow yall drive wait car su"
1267985301856612352,"australias golfers show youre highest bidder"
1268016211364851712,"people silent talking whats happening racism loud blacklivesmatter"
1267310181676810240,"thinking thinking anonymus blacklivesmatters georgefloyd protests"
1268016610301947904,"books discuss institutional racism racism manifests todays society tv shows movies"
1267424242313895936,"dare give mega unicornbtw dont lol agre"
1267920598786813952,"im impressed travelled work jolly laid"
1266537544407187456,"freedom press protected amendment wasnt protected today"
1265774180479332352,"happy hear playing young li"
1268016727029420032,"scarier youve written dont mister king real life blacklivesmatter"
1267824776015278080,"listening zombie"
1267306797301297152,"bunkerboy favorite nickname racist pig"
1267596441037537280,"gf dedicated day assignments video called ke happy struu mogirl looked"
1267508845741473792,"giantpunky glitched planes"
1267539687054475264,"struggling cope current corona pandemic ebola"
1267977793544962048,"year grandson selfie rainbow light itit awesome"
1268010525012766720,"manhattan bridge protest moving brooklyn side nycprotests"
1267298206578327552,"dc nation burning fires started fanned flames brand"
1267986872804007936,"students teachers faculty members isolation coming contact covid"
1267525764775211008,"zombie costume blue purple pink"
1267915214642503680,"great youre shitty couple searching unicorn favor stop se"
1267961241592627200,"cpalmer"
1267069770748182528,"gw maverick tonight gyruda fast overcome deck felt great didnt miss"
1265051681428996096,"wow honored review dnd mtg tap untap burn core mechanics guild"
1267308928536207360,"pasadena city hall candlelight vigil remembrance george floyd black people kille"
1266536790518837248,"loathe loathe destroying property spray paint breaking windows isnt making state"
1267550038001156096,"im male unicorn bitches"
1267402820078059520,"interview unicorn bubble bursting months bullish"
1267977153225908224,"love twitter receipts back real quick"
1268004606442967040,"boy knew longest og rainbow god lmao"
1266536752937709568,"theyre police escalated mob"
1267446883758280704,"sis russia adopt socialism country"
1267899262739906560,"havent respond nfr unicorn"
1267950637221703680,"rainbow luv erika praying sons safety"
1267889579622830080,"shameless zombie promposal"
1267847609944870912,"support reclaim block unicorn riot"
1267572728170758144,"unicorn riot live mn"
1267961277231648768,"fake im puppet play pull strings obey high oxytocin hit yeah zomb"
1267304454803652608,"isolated incident videos murders deaths"
1267546742079324160,"holy frikits babu frikas zombie zombie daily fan request zombie art babu frik star wars"
1267634063554359296,"bts rainbow"
1267484510192496640,"fancam young onewe singing zombie day idol radio today"
1267968633814335488,"round friends ponies pink unicorn purple pegasus blue pegasus"
1267796586429583360,"thing scty bailout proven imo box normal corporate"
1267998148707913728,"ya dio pena seungcheol leader soonyoung radiant minghao gorgeous seungkwan galaxy hoshi rainbow seun"
1267617527124893696,"gaga im finally fun tonight chromatica ball bye im soft song"
1267310468000919552,"longbeach police harassing peaceful protesters looters freely raiding stores jus"
1267630704885673984,"people taking streets protest racism systematic oppression labeled violent rioters ha"
1267919167707066368,"penis rainbow hat allowed posted twitter"
1267968489999888384,"youre maker show youve character displaying bigotry provide"
1267287373630656512,"theyre george floyd excuse majority rioters pr"
1267922283370352640,"im asked parts ribbon significant parts rainbow"
1267608531252936704,"tie dye baby shirt etsysocial"
1267854668270571520,"happy book birthday amazing black authors books today crown"
1267633969811673088,"traded nfr unicorn"
1267851780928557056,"luisacarreras donate unicorn riot fund campaign left aft"
1267297013390925824,"watch edge seat waiting chicken coward snap make"
1267991952563134464,"church tied virus cases stoke concerns wave infections greater seoul covid corona coronavirus"
1267864462465339392,"train busan zombie movie made yeah traintobusan"
1266537470738542592,"yeah hear spin paid trump supporting conservative rioters destroy cnn"
1267723867692380160,"prove give back fricking unicorn"
1265719007342190592,"ive terrible idea sliver queen umori lands walkers mtg edh"
1267972708781998080,"surprised read brain dead put relevant walking zombie"
1267304175681052672,"year black kid killed police officer brazili attention bc hes"
1267928477157789696,"unicorn riot"
1267871121619054592,"shes brainwashed racist zombie words dont matte"
1267901838386397184,"zombie"
1267307871093452800,"sucks live democratic run cityespecially tonight protests chicagoriots protests chicago"
1267969298787696640,"wing mario rainbow star cannon platform"
1267304891833171968,"haven shut people justiceforgeorgefloyd blacklivesmatter"
1267830159949717504,"enter show real unicorn"
1267557059710484480,"watching unicorn riot rn community circle speeches led indigenous elders black trans"
1265297155910070272,"screams escaping enemy lives inside head mtg"
1268016232193757184,"id blacklivesmatter dallasprotests"
1267575463003615232,"offer gingercats neon unicorn ride"
1267630494486847488,"kick pride month watching magic family love dearly cann"
1267992111925784576,"join session review progress naps bizhumanrights covid responsiblebusiness policies"
1267871337936232448,"zombie miss im super hard"
1267816047190650880,"half"
1267657417111801856,"havent big outbreaks urban native americans newmexico covid nativeamericans"
1267990378772172800,"event tomorrow pm cybersecurity businesses startups dont miss insights"
1267587173550886912,"understanding regulatory headache withdraw"
1267973703675129856,"zombie island king"
1267507605779464192,"make dont make mistake repeat donate antifa aka unicorn riot"
1267924463661780992,"hunted troll creature mtg magicthegathering"
1268008577760968704,"tf escalate jfc im sick time police push protesters fuck nycprotests"
1266537209303142400,"real staged arrest"
1267283852092989440,"put plane fly pyongyang push declared war america antifa"
1267479206524567552,"unicorn writerslife amwriting amwritingfantasy"
1268016630472343552,"lets stop giving hatred power day blacklivesmatter loveisalwaystheanswer"
1267298896205811712,"united states marine message antifa desecrated memorials fallen veterans officers"
1266536687271907328,"sad miserable people make country corrupt dur"
1265493142377304064,"forest mtg artist anthony waters"
1267474102857711616,"bts wait"
1267990429653442560,"rainbow beautiful rain"
1268009820940120064,"st theyre sending hella police nycprotests"
1267943228797530112,"paxton heard hes good guy heard hes bad guy overweight"
1267804437269164032,"dont insecure"
1267934409656844288,"black creators scrolling drop artwork content commissions social media"
1267479963545956352,"unicorn enjoyed moment direct peeps im sti"
1267950734793936896,"aaahhh conservative evangelicals speaking truuuue colou"
1267639230286577664,"fkn quit job care respect dat"
1267918001740722176,"saturday york city mayor bill de blasio live television defend police rammed car protesters"
1267894246201192448,"refrain posting social media remainder day support black community"
1267986064020389888,"total cases total cases deaths"
1267524073996775424,"capt unicorn"
1267963061220106240,"list black owned makeup skincare hair fashion brands feel free add mentions"
1267979789823926272,"rabbitgoo window privacy film rainbow window clings decorative window vinyl stained glass window decals"
1267916112588611584,"moore packed game played fun dont sk"
1267307598635827200,"protests protests reporters mugged assaulted birminghamskip mins"
1267542205763407872,"lot influencers quiet past weekend youre obligated speak black issues"
1268017007976484864,"participating blackouttuesday make hashtag blackouttuesday blacklivesmatter"
1267297985584484352,"noah reube wendrow charges felony riot released portlandmugshots antifa blacklivesmatter"
1267530048896000000,"mesmerized mob mentality people dont loot damage property sudden"
1267537256669200384,"dude vice president years years politics"
1267304688065617920,"powerful rt deserves viral cops atlanta walking peaceful protesters blacklivesmatter blm ht"
1266537088666779648,"prairie bet anitifa fake news media sides"
1267990316826705920,"today udupi district recorded coronavirus positive cases kindly stop entry people maharashtra ca"
1267497622782095360,"stop sharing video cops taking knee love god theyre refusing orders gas terrorize prot"
1267825442276257792,"dont show bit lung youve saving zombie"
1267899850525495296,"yeah unicorn hes awesome"
1267308213214556160,"hold pop concert middle protests georgefloydprotests protests"
1267513257478295552,"practicing smut dialogue bubbles shojis intent spoil shoto breaking oops"
1267464898365124608,"happen park destruction averse american military exists unicorn farm"
1267618042781011968,"pride monkey rainbow flag ingredients usernourisfamous"
1267285640598523904,"blacklivesmatter hate alllivesmatter cozblmis racialsupremacy antifademocratsradicalistsfor world"
1267644576950398976,"innovation infection control model predicts peaks covid pandemic"
1267643858235596800,"wrote thing long term care moment campaign trail"
1267304114272288768,"blacklivesmatter march today city amazing"
1267966417879601152,"lol fuck fools wait rainbow lights"
1267631986086014976,"bang ye dam treasure wayo moving poster digital single mv release pm naver tv"
1267987103536775168,"april kenya dubious distinction leading world number citizens killed ke officers"
1267546796865306624,"winged unicorn fairy head heels action booties petite mermaid fairy marilyn monroe heels royale"
1267306582301241344,"bunkerboy cadet bone spurs"
1267942227734560768,"people ot cruel army"
1268017345039081472,"hands dont shoot los angeles ca today blacklivesmatter"
1267874529805611008,"protest peacefully white people couldnt slaves"
1267910804260687872,"meant fuck police"
1267635083516825600,"life worth wonderful end road rainbo"
1267708357516963840,"witcher geralt met oneiromancer offering crowns golyat geralt acceptrejecthaggle price"
1266536347139035136,"terrence cnn reporting listen"
1267988466005995520,"check taylor corporation employee cases covid mgmt protect employees em"
1267304413099589632,"lock door throw key bunkerbitch bunkerboy"
1267928778405265408,"rainbow deal rain"
1267699129389547520,"extremely powerful racist comments find pink unicorn"
1267308045148848128,"love white people part hate looting burning shit"
1267650007441780736,"nurses fired taking action inadequate ppe covid safety concerns"
1267792258188918784,"cop dozen complaints city state run de miss id expected protest ma"
1267992698386034688,"making money stocks faster painful absorber pains bought tsla work"
1267700435994980352,"anayalator lmaoo bitch laying tryna sleep started thinking"
1267402640889176064,"isnt happening america happening blacklivesmatters ma"
1267304399132667904,"bravo stands solidarity black community systemic racism oppression experienced day america"
1267540128974716928,"turn favorite song dance dance dance distortion turn repeat stumblin"
1267651741928980480,"people returned chennai test covid positive tripura tally cm biplab kumar deb"
1267165679993720832,"fuck magic fuck mtg pay usd tcg product single"
1267614642114834432,"joe waterbury great shot rainbow evening share"
1267966546489610240,"terraria assassins creed general rainbow siege"
1268016240460795904,"peaceful protest roswell georgia blacklivesmatter icantbreathe justiceforgeorgefloyd"
1267807682238599168,"alien invasion september zombie apocalypse christmas"
1266406706990415872,"rofl double masters vip trolling real mtg product"
1267304153639989248,"uhhhhhhhh police smashing windows downtown protests blacklivesmatter"
1266537365822156800,"cnn hq aint"
1267459223992107008,"colluding organizing riots ensure trump victory november cut interview short"
1267990106507317248,"smt rekha devi himayatnagar hyderabad donated pm cares fund im happy people cont"
1267985339718733824,"trump lost interest covid hes stopped meeting fauci hes back calling cuomo names people"
1267651509237383168,"covid lockdown failed reopenamerica theyre crash trumps economy msdnc knowingly"
1267304178575122432,"shut pay attention problems country victimizing media billion"
1267304995294085120,"esp relevant black job shut listen blacklivesmatter"
1267947735946276864,"young rainbow starfrontlet luis alcivar photography nature naturephotography birds"
1267546538814865408,"ax zombie apocalypse coming december"
1267649782979280896,"alcohol protect covid strong resilient role model stay calm"
1267294672780693504,"reichstag fire decree permitted german reich regime arrest incarcerate political opponents specific"
1267602266950950912,"side note shout kate spade making cutest rainbow bags bought mine happypridemonth"
1267588750101659648,"taste fucking rainbow"
1266536996215848960,"omar jimenezs mom grandmother watched arrest morning grandmother arrested civil"
1267578746917097472,"bots incapable taking relevant screenshots nice zombie process"
1268017306191515648,"stand protests blm mans life mattered period"
1267309721087889408,"bunker bunkerpresident bunkerboy protests protests suspicious"
1267978798852644864,"neurodiversity patches back stock support queer disabled small business image"
1267927627190489088,"enjoying video collages jaw part lbrys paid content beta check video man saves"
1265480164219256832,"abercrombie kids girls pull jeggings dark wash size nwt ebay sale mtg"
1267659088491503616,"called voices arent frontlines protesting hid"
1267621151720824832,"starlite shirt starlite rainbowbrite iridella horse rainbow"
1267979498672189440,"friend rainbow pins pride"
1267988657748807680,"remotely true youre anymore bunkerboy trumpdictatorship"
1267514127725068288,"fun begin mtg mtg"
1268006342725382144,"end game arrests mn cops taking knee blacking"
1267626925666848768,"rainbow speak enchantment table tho"
1267304893460733952,"blacklivesmatter yourlifematters youmatter"
1268017004859977728,"explain feeling protest untill marching shouting"
1267936195213836288,"journey rainbows end drag queens odyssey forrest stepnowski"
1267307565060198400,"protests listen opinion give positive message due riots"
1268004178175102976,"additional units heading nycprotests nycscannerduty"
1267989557825265664,"nigeria nation reach peak covid pandemic confirmed cases continued rise surpassed"
1266536746059259904,"bahahaha dumbarses hell cnn reporters news anchors idiots"
1267579470409498624,"im clean house plan zombie apocalypse"
1267914482325561344,"condemn tear gas montreal literally days ago"
1267642415449440256,"canada taiwan working combat covid scientific technical exchanges commercial cooperation"
1267303846226747392,"pray theyll hear message make change peace"
1268016679231139840,"babygirl blacklivesmatter"
1267590012465545216,"pride month activity work putting peppers kabobs order rainbow red oramge yellow greeb"
1267960034434129920,"eve pride month rainbow pin"
1267626419556941824,"pride month begin days rainbow fueled festivities year rea"
1267660298015649792,"find youve missed expect play sports platform tuesday june"
1267905335764955136,"love unicorn fanart"
1267560484259143680,"resis"
1267305012310482944,"favorite store mass ave boarded shop today wrote names"
1267304473216548864,"make blacklivesmatter support listen implement productive st"
1267594964252360704,"drinking zombie cake untappd home"
1268016960396242944,"breaking asian model minority myth asians supporting blacklivesmatter nutshell"
1267891609179508736,"varsity high schoolhonestly zombie half time knew gonna exclude"
1267509088725934080,"tv ass white zombie inciters"
1267658582478204928,"problems cooperating stayhome orders closing schools flattenthecurve"
1267645926912323584,"cdo rep rufus rodriguez filed house concurrent resolution seeking extend congresss st regular session"
1267631483092480000,"bl day id paint nails eat pizza pasta gelatoooo happyyyy siste"
1265074417115099136,"lets live youtube opening rivals ixalan box unboxing"
1266536188267032576,"lol cnn biased trump"
1267496325886676992,"duly noted dave remembering images free tr protest soldiers actual"
1267304495454646272,"blacklivesmatter debate stay safe"
1267631669974052864,"motd origins de top zombie maps history change mind"
1267660619358093312,"newmost comprehensive study date evidence optimal physical distancing face masks eye protecti"
1267872812716433408,"trump perfect wake everyday"
1267294194336399360,"finding maga antifa payback finishthewall quikt"
1267310917085204480,"protestors repeat protestors people care george floyd repeat"
1267838685585817600,"ckemery nun white wom"
1267646443826774016,"wear pool noodles shot bus camps coronavirus covid"
1267850563028385792,"mahallowzmum pay rent car payment groceries family times ev"
1267303888383881216,"thinking queens showing platforms spread awareness speak impor"
1267984434185113600,"resources stabilize business times covid heres exhau"
1267658560432828416,"bats pangolins covid bancatmeattrade bandogmeattrade china vietnam southkorea banyulin banboknal banlivean"
1267794478447775744,"love im love zombie doyoung"
1267862809020424192,"feel opened magic booster packs video"
1268017122539683840,"demand justice breonnataylor blacklivesmatter nojusticenopeace"
1267873275046006784,"zombie villager minecraft check"
1266536197540548608,"protestors taking cnn building atlantariots"
1267979351384969216,"freelance esports writers pitch great stories players teams ideas csgo"
1267918650478153728,"rainbow hproductions assist man tf talking murdered cold blood"
1266536901277868032,"cnn im job"
1267659890224480256,"hear numbers rising death due covid guess needed"
1266147294614822912,"archon justicebeyond pale horsewhose rider mtg mtgaddicts"
1268005410000318464,"prisoner van broadway houston nycprotests"
1267785288040034304,"sexy pjs frame frame courier whatsapp"
1267934902596636672,"girl fuck"
1267291038005317632,"talk fear black people feel single daywhether youre grocery store whethe"
1267654841158955008,"india biggest jump covid cases dying time open places worship malls stat"
1267648369125662720,"zombie scene"
1267651457869729792,"covid cases jk tally toll deaths"
1267583731499331584,"youre bothered human rights dont care whats happening world unfollow justiceforgeorg"
1267809270734688256,"im online skyprivate pay minute system skype live shows call private"
1266536545978286080,"im georgia watching live local atlanta channels police pushed back bre"
1267972249765593088,"hey americans hate hate mongering weak minded"
1267636680581951488,"orainonda khalid young dumb broke su radio rainbow italia lgbtq radio seguici su"
1267607699304439808,"shes ready hero society isnt heres nubiarealone"
1267292106613313536,"hey white supremicists referencing antifa"
1267297733519347712,"fuck point antifa regarded wing democratic party antifa"
1267600123233800192,"zombie apocalypse buddy unusual times leader free world decl"
1266537580067278848,"fake idea happening"
1267825188978098176,"trampoline paddling pool shell sand boxand played neighbours"
1267548846764122112,"save love wouldnt alpha fre"
1267646332875005952,"update illinois community based testing sites closed tuesday june covid"
1267566426900103168,"stolen graffiti weird zombie"
1267921291555856384,"play rainbow lol"
1267302135143763968,""
1267607479959117824,"exo rainbow"
1267507643771498496,"siva wim shoot zombie pulled wims leg"
1268016936505532416,"meant tag blacklivesmatter didnt smoke"
1267643364142387200,"released episode oncliveonair spoke shared advice fa"
1267990768855265280,"nc unemployment safety net covid"
1267580620382838784,"wait crap zombie lincoln"
1267608680834273280,"trixie trans twilight bi rainbow dash isnt real"
1267474506358173696,"unicorn disgusting"
1267304187370536960,"milano watching doesnt break soul dont blacklivesmatter"
1265042275433943040,"mountain mtg mtgsecretlair june foil full art lightning bolts"
1267638257443094528,"feel tl positivity storm rainbow comingi dropping"
1267610920106295296,"unicorn fun"
1267305012910329856,"lot people forgetting frank iero literally fbi watchlist leathermouth"
1267946782539108352,"head brain fog mode neighbors disturbing sleep generic unicorn sketch aho"
1267654186616762368,"id moment remind covid thing"
1267285687604142080,"man riot properly antifa medals honor"
1267306278868541440,"hes bunkerbitch bunkerboy"
1267607537022578688,""
1268016445146845184,"disgusted pissed yr vet raised hilltop neighbors"
1267564013812092928,"snitch zombie"
1267963640973611008,"titania esto tambin si pons hoshi dice lo mismo hoshi radiant hoshi rainbow hoshi red hair soonyoung rad"
1267746982346534912,"twitter dad bad"
1266565126175539200,"commander clash ikoria week wedge chevill gyruda nethroi winota"
1268001083038654464,"sadly traded vanta black fuckin unobtainable sniper carolla glitc"
1267622417452740608,"sip exo radiant exo rainbow"
1267642514007261184,"stjohnschurch stood years presidential terms bu"
1268009143463563264,"protesters hope helpsblackouttuesday trumpout nycprotests policebrutality houstonprote"
1267841920203718656,"shantel davis driving eradically brooklyn approached plain clothed officers"
1267742462837211136,"yall love rainbow unicorn shit reality things youre absolutely terrified"
1267903142097633280,"racist"
1266537396105068544,"america shown offense amendment day assange dragged embassy"
1267632754574974976,"rainbow time"
1267703472402513920,"boomers call collections collectibles junk garbage di ba pwede"
1267815917997588480,"anneixie mfr unicorn nfr arctic reindeer fr crow"
1267653161575157760,"happy pride month celebrating pride covid lots ways"
1268016476071563264,"local live news feed indy case casual brazen"
1267486121690193920,"playing zombie day"
1267308976107958272,"criminal class riot protests"
1267824932819357696,"review day back zombie apocalypse"
1267658398151012352,"gujarat bjp mla tests covid positive mla state infected corornavirus bjp"
1267601968190586880,"ambler small rainbow shit rainstorm"
1268017318858117120,"donate blm money tumblr long youtube video filled art music"
1267505299944022016,"slik zombie ball work"
1267947586671063040,"adoptmetrades tradeing neon unicorn frost pets reply offer neon unicorn"
1265838676187234304,"mtg arena standard ranked bo rakdos lurrus watch ranked gameplay starting silver chill"
1267298864719114240,"antifa harder behave fascists oppose fas"
1267991654155325440,"essential workers covid care mental keeping physical exercise en"
1267494539851227136,"lulu listening zombie day"
1267980030220685312,"people dont hate person race hate streotype streotypes exist reason"
1267302791401238528,"bunkerboy turned lights pretends hes home"
1267701275493306368,"end world hunger jeff endworldhungerbezos"
1267820680986234880,"bruh chapters year miura confirmed berserk anime confirmed thread ht"
1267505678001729536,"gonna zombie"
1267933721912578048,"repost orleans louisiana rainbow someones cloud nolaphotoguild"
1267463226477776896,"unicorn kids headphones girls children teens wired headphones adjustable headband mm jack tangle"
1267864674332270592,"youre unicorn wizard rare"
1267795729101262848,"monday night rave club pleasure didnt win bb fact bust shortly"
1267945712744050688,"fair"
1267552899955150848,"dont blm promote book giveaway gain followers disgusting"
1266537394741874688,"police protect cnn building rioters loyal viewers cnn"
1266339017085378560,"alpine moon play enchantment mtg magicthegathering"
1268005394607214592,"deblasio bright nycprotests lawandorder nycprotests"
1267298774407208960,"turn lights bunkerpresident bunkerboy bunkerbitch"
1267947693390934016,"guys mega neon giraffe offer cc tomb bat dragon mega neon unicorn"
1267863552607449088,"carl grimes wrap face negan absolutely thewalkingdead season sing"
1267993878407323648,"covid cases today alaska highest daily totals covid days"
1267650660918530048,"hampshire reports cases bringing total confirmed cases total deaths coronavirus covid"
1267585753992753152,"ranked todays rainbow ranking result place"
1267304258589741056,"perspective blacklivesmatter"
1265006017282297856,"im planning building edh deck syfy movie style creatures sharktopus shark typhoon kind stuff"
1267590661076910080,"reading rainbow"
1267982594039300096,"gay rainbow lasers mothafuckaz"
1267308568610344960,"push guy ass fire blackvoicesheard cnn nwa police dobetter icantbreath blm"
1267606831029014528,"dolly lures innocents cute face rainbow accessories human embodiment chaos tornad"
1267304744290119680,"police presence heavy choppers air blacklivesmatter oportunist"
1267496599329988608,"outta brandon lowe makes presence early rewind watch fox sports sun fox"
1267307721449181184,"living pandemic amid pandemic protests covid"
1267728231999963136,"shrouded lore mtg artist kev walker"
1267933398460497920,"commenting lives matter"
1267464450560479232,"unicorn startup turkey frankly associate power future projects purchasing"
1267850683421786112,"microphone streaming"
1267945137528885248,"rt appreciated sale zombie retailtuesday ix"
1267940200094871552,"jobs years teens bought house noth"
1267943631094083584,"yup deleted twitter"
1267877219898216448,"nun easy blame whitey"
1267874868634083328,"systemic woman assumed employee black person screen loote"
1267873811589890048,"black businesses buy clothes skincare art candles wines furniture lingerie share bel"
1267630878869635072,"white house june st lit rainbow lights celebrate pride month external lights turned fear"
1267841928281890816,""
1266537572785889280,"multiple police vehicles windows broken front cnn center atlanta protests taking place"
1267822912959942656,"blacklivesmatter donate unicorn riot"
1267634903572598784,"check broadcast playstation pslive tom clancys rainbow siege live"
1267581951000657920,"thegreat thought sick rainbow working mine"
1267573738104672256,"miss infamous unicorn pool floats pool offic"
1267825859450138624,"anniversary personal zombie jesus moment today fucked usual year"
1267855620859977728,"zombie suris season weird real talk man checked hell throw channel fund"
1267983222744518656,"youtube stewart lee strongly recommend stewart lee brexit search full"
1267887730224017408,"king monkeyfly ride unicornand albino monkeys neon"
1267961045303230464,"oakland california east san francisco peaceful protesters detained arrested street"
1267730927721107456,"attack false spent hours watching live footage"
1267799990048559104,"secret fbi win lotto buy tickets randomize numbers hit jackpot"
1267530008005947392,"horrifying photos damage public property dangerous protestors philly yesterday kidding"
1267305143453642752,"important latinos whos parents anti black conversations blacklivesmatter"
1267283740109049856,"guys stuff isnt antifa punch nazis sees posts report fake ge"
1266536243837366272,"kamehameha brett fox news daily promote constant li"
1267660983482212352,"ebola outbreak detected western drc mbandaka quateur province identified cases whi"
1267443017478213632,"spirit speak unicornmaybe telepathically rabc powers lot"
1266536813084192768,"cops move asks calmly hell dont answer"
1267985188216340480,"doctor ononye commended health workers tireless efforts fight covid disclosed"
1267585823471554560,"padthai hope situation care"
1267985095106813952,"protesting covid numbers rising"
1267646445319929856,"bjp telangana"
1267705562403229696,"variety shows special episodes important shows debut present times episodes links"
1267974643698335744,"siento ya reconocen xd seungcheol leader soonyoung radiant minghao gorgeous seungkwan galaxy hos"
1267528428410089472,"trading unicorn trade fly ride potions dont rlly care"
1267944004005646336,"dont protests homegrown terrorism manifestation civilwar"
1267956087111761920,"niko georgiades unicorn riot speaks independent journalism amazing work"
1267941446298095616,"national animal scotland unicorn factbot"
1265718885644460032,"collectively mtg community refuse hold accountable"
1267994789007503360,"people dunk communists wear thigh rainbow socks cat ears"
1267503695639478272,"yall fancam"
1267718898029178880,"hao gonna joox today"
1268010192970625024,"west st ave additions wagon police nycprotests stayalert route mins"
1267985240921964544,"stanford hall consensus statement post covid rehabilitation openaccess"
1266536184584511488,"fascist playbook wing bigots pose yellow vests antifa blm"
1264783336959930368,"returning magic gatherings greek myth inspired world theros check favourite"
1266536746629697536,"mwarrior lady stop trump hurt poc especiall"
1267612403560091648,"locked safe arizona pmroutine heres beautiful photo rainbow desert"
1267305172620857344,"list info carrds blacklivesmatter"
1267304169003560960,"god giving vision world overlooked years blacklivesmatter"
1267982159295533056,"breaking organizations release statement outlining denouncing major ways multinational mini"
1267587855355990016,"lives matter rainbow peace kids shirt"
1267297599624826880,"time discuss bunkerboy"
1267501703227736064,"deck boros cycling aggro play format standard deck list"
1266452046359789568,"contemplating keruga companion edh prospect starting deck engine turn earli"
1266536587392884736,"set soros democrats"
1267832116395544576,"growing sink estate german eve"
1267917908992196608,"thinks rainbow sells quality clothing absolute"
1267982424127860736,"im gonna cry find double rainbow thing borderlands lol"
1267636550239567872,"episode join highway hell serial killer gary ray bowles listen rainbow tr"
1267605206956564480,"world blueness rainbow vacant"
1267612282261065728,"happy pride month rainbow capitalism ad season ive emails issssssss joanns fabrics"
1267585297245708288,"jezzie congratulations rainbow"
1267895046663217152,"neon fly ride dragon neon fly ride unicorn"
1267621267336814592,"possibly rainbow flag designs official gay pride flag"
1267304563645845504,"couple days awful watch heard blacklivesmatte"
1267625983181574144,"anderson cooper loses finally rightfully righteously trumps failed photo op person world"
1267481201910190080,"yolodigo owl crow ninja monkey unicorn"
1267827363925995520,"man son daughter kind love great matters message yo"
1267593099666055168,"im working pride animal set hope flag paired animal id"
1267601390261743616,"yessss proud patron unicorn riot newpatron"
1267263267501518848,"finished top playing mtglegacy event players deck great meta"
1267810348800696320,"understand rape isnt form sexual assault"
1267646934010998784,"distributing blankets evening days homeless shelters oth"
1267308740052566016,"absolutely disgusted drivers actions unexceptable anonymous sanjoseprotest protests"
1268017288218677248,"born racist proud parents blacklivesmattter georgeflyod blacklivesmatter"
1267596962875965440,"bduring oweek week classes anti oppression sessions led"
1268016975575281664,"uploaded black square socials doesnt call day donate sign petitions"
1267930703615987712,"rainbow someones cloud yeah read tweet day"
1267904716534669312,"gambling heavy bullish bets coming small volume options traders day traders dab"
1267631202636201984,"make abundantly clear police searching protesters activists man bow arrow"
1267299058428903424,"hours ago petition reached white house president declared antifa terrorist"
1267988118692491264,"activities allowed gcq follow complete guidelines covid newnormal gcq"
1267814059493036032,"witcher weary travels geralt yen decided buy castle loc muinne settled eternity"
1267856328690548736,"hold front door starbucks unicorn cake pops told"
1267618520340197376,"amendment people government martial law military police protesters wasnt"
1267984518495027200,"tbf havent turned online dopamine zombie shit impossibly fast"
1267307599864705024,"proud community gathered today moment solidarity peaceful protests races ages georg"
1267304069258981376,"richmond va georgefloyd georgefloydprotests blm protests richmondprotest blacklivesmatter ju"
1268016602659926016,"read sign share blacklivesmatter"
1267605587577233408,"rainbow"
1268016791470501888,"flagstaffaz protesting safe peacefully protest flagstaff build small"
1267791640225144832,"special connection night living dead pioneers zombie genre"
1267714320986750976,"isunicorn evil bit"
1267882403395231744,"idea joe biden kind racial healer joke"
1267927046233219072,"yo taught zombie fires straw tiger"
1267791729337475072,"nowplaying zombie love tuneontheradio tuesdayafternoontrendwith"
1267288404171128832,"funny joke antifa anti fascist democratic peoples republic"
1268005411736690688,"idk guys remember het flag posts lesbian arent rainbow fla"
1267466560974839808,"unicornbeacon entropy beacon quick grey jackal jumped idle coyote woofed growl meow"
1267308455456628736,"eternal things universe human stupidity protests georgeflyod"
1267920083592110080,"voy poner varias si te importa victon mayday dreamcatcher scream onewe en"
1267608316680695808,"exo rainbow exo radiant exo rap exo romantic"
1267802387491835904,"zombie market arrived"
1267976574793637888,"greatest hits rainbow"
1267304962494623744,"fight safety black friends fight reform broken exploitive system fight beli"
1267611895315353600,"car full white people caught handing bricks group young black men throw peaceful black protesters"
1268017273341706240,"doesnt topic isnt trending blacklivesmatter"
1267637397002616832,"includes things small simple fucking including lesbian flag prid"
1267523199719350272,"feel badass zombie"
1267955097566351360,"posted newest video full game chalet uncut trash talk rainbowsix"
1267470862153928704,"guys streaminng pleaaase support unicorn studio"
1267565546649739264,"alive im walkin sunrise ill waitin day pass"
1267730953025269760,"green peas tastes unicorn blood shared grandpa"
1267941885471068160,"rainbow flag gay man flag represents community makes onl"
1267962525233983488,"zombie slik yall stop"
1266537510328512512,"honestly disgusts cnn condemn looting rioting hand"
1267927228039548928,"dic fuck racism dic takes colors make rainbow cept black white"
1266069797768294400,"listen played edh caught funny words somethings"
1267559047395282944,"ldf forward looting zombie hacking mischief"
1267305095785521152,"stand shoulder shoulder globally feel anger hurt fear instance"
1267565635816611840,"ministry magic aka fed keeping zombie companies alive"
1267895246119227392,"frankly dont care high unicorn piss dont choke man death"
1268017098363752448,"dem leaders supporting antifas destruction torching black communities biggest stay lane"
1267558916759707648,"cleddens molly wilson unicorn interrupting school work"
1267914334480535552,"supremo sue wasnt rainbow outfit pulled lowkey outfit"
1268017159290138624,"ways action ldf fighting equality racial justice america support mission"
1265892957523148800,"lets make whiteblueblack wale mystic flash mtg mtgart"
1268017264160174080,"click link automatically open email pre populated email template send minneapolis po"
1267593196793708544,"hit cap yall donated ma bail fund nw community bail fund campa"
1267653984032116736,"funny thousands people protesting states aint caught covid find"
1267989666428588032,"resident sleeping pill walking round zombie"
1267938901366374400,"yall freemasonsilluminati thought left shit"
1267649230153416704,"means religious conquest trump implementing martial law horse"
1267969416077217792,"shock girl human rainbow art artist artgallery artprint rainbow photography dig"
1267521706836594688,"survival games end turning pvp base raiding environment zombie game"
1267304377112571904,"america land free home brave blacklivesmatter"
1267304999224254464,"justice george floyd joo pedro victms cruelty end injustice"
1267497548102504448,"whitehat jr leading edtech firm aethereus client gearing indias fastest unicorn salesforce"
1267608793162096640,"spent decade warning pitchforks establishment thought radicals warning"
1267991447896285184,"opening operating rooms endoscopy suites covid numbers decline patients ready schedule"
1267511510051573760,"good morning updates scene minneapolis st paul yesterday large assemb"
1267286420475043840,"lets antifa forward made plans protect"
1267797890392440832,"created account"
1267620890172424192,"byju chinese unicorn"
1267890673564348416,"account throws zombie plague woody rises grope"
1267949300144902144,"tl start zombie apocalypse hilarious"
1267578048439705600,"jurgen libertarians unicorn farts skittles dont exist fantasy gover"
1267609708677992448,"tear gas fuck protestors cite insurrection act essentially declare martial law walk"
1267986852222570496,"coronavirus coronavirus emerging themes boards executive teams covid"
1267850252574392320,"peoples instagram skit makers cases"
1267541228205289472,"cold zombie apocaypse rioymts bricks caught complains comfor"
1267486207405101056,"listenim made unicorn angry"
1267979129569198080,"rainbow"
1268016338360061952,"citizens ripped lapd asshole today live youtube joy experience blacklivesmatter blacklivesma"
1267407278321197056,"debut oxygen pm kst update bugs soribada genie melon"
1267308917350113280,"dont mass media hide fact trump raped minors epsteins island acab anonymous protests epstein"
1267906267747680256,"good im rey blessing ppl piece steel lies"
1268017172716179456,"nicholas barlow charges interfering peace officer resist arrest hes released antifa blacklivesmatt"
1267811052411949056,"centaurs debased piloerection induced church scene pre emptive blasts amid"
1267831172328853504,"favorite things athlete people world learning cultu"
1267645925406597120,"girlietv lot white americans term"
1267522464978001920,"day june unicorn junicorn didnt draw represent galaxy unicorn"
1267959392042917888,"ahhh love rainbow beautiful color light"
1267432393004154880,""
1267613156853059584,"bruh blastin kermit speaker rainbow connection hittin gotta hit lil green homie mv asap"
1267304821494693888,"modesto showed today wont stop justice served nopeacenojustice gunna win"
1267308657072459776,"responsibility responsibility mayorsgovernors maintain"
1267984897131585536,"mate zombie wont bloody buy fucking round hed eat"
1267997591750479872,"imagine music black people"
1267884861538340864,"thatch whitebeard pirates turned ichiya zombiewhitebeard whitebeardpirates"
1267863460915941376,"unicorn riot covering protests major cities locally"
1267776286702792704,"semi rare lol cuz ive ppl item qwq unicorn horn"
1267498265886420992,"album today wrote make"
1267518584055648256,"glad youre home rest care xx"
1267617704825020416,"rainbow darshan"
1267590382805794816,"month pride month birthday gayboy gaypride applewatch apple rainbow arcoiris arcoiris en mexico"
1267990744129626112,"dreamcatcher room story years special friends"
1267651694780985344,"wuhan chinas hubei province invites graduates city covid city held job fair mon"
1267309000200249344,"dont im influencer dont social media voice ba"
1268003528188080128,"update sending prison van minute eta stay safe blacklivesmattter blm nypdscanner nycpr"
1267992933241950208,"govt sierraleone led sl partners global developed rapid pop est resoluti"
1267304045812740096,"agree violence isnt cops attacking peaceful protesters ar"
1267919283092434944,"call unicorn months ago gf told jokingly im"
1267946330405646336,"target burned city youve heard"
1267611945349373952,"gotta add rainbow bio respected bisexual ion wanna fr"
1267743050744373248,"ancient kingdomlies crumbling lion forgotten war hero unicorn girl save wo"
1267304285034835968,"forget president black man peacefully protested called sob"
1267982624624013312,"mother fuckers allowed criticize emma watson put rainbow sparkles black post"
1267480386688315392,"dad sarawakian mom philipino unicorn wonderful mistake"
1267308202540126208,"twitter unbearable due tidal wave bandwagon jumping liberal race baiting social justice warr"
1267649491827486720,"romero good news turn undead destroys zombies bad news"
1267648000068894720,"ai tech covid care conduct millions tests minutes tech win prizes"
1267609018916356096,"fortnite hasnt tweeted days whats"
1267920152361926656,"man wanna gtf outta"
1267510247020789760,"giantpunky glitched planes dosent"
1267959949193175040,"cooking cousins start pm tonight amazing cooking spectacular beard"
1267298602679799808,"didnt stir things antifa guy giving black fellows money encouraging"
1266537107293704192,"btwper cnn arrested released"
1266537457589329920,"white black people"
1267308032742039552,"harco peaceful protests week ill familiar id"
1265386966260027392,"finally joined twitter ive social media hold discuss favorite game won"
1267888430375006208,"zombie human worry hundreds black black murders occur chi"
1267636515049529344,"ft unicorn beach ball worth penny"
1267864404034326528,"made donation unicorn riot root society prod"
1267849001061285888,"weve murder hornets tied zombie outbreak"
1268008216220311552,"protestors barricaded bridge ny nycprotests"
1267597746753744896,"good fucking shit lmfaoooo deadass unicorn"
1268016555566268416,"protesting dtla standing face face barricade police taking knee peaceful ca"
1268016781270093824,"dont antifa problem fa fascism problem white supremacist problem wor"
1267970641103216640,"badass husband chris made enjoy bench"
1267984637973819392,"beautifully heartwarming song adore rainbow connection timeline thought id"
1267292571526627328,"historic square burned blacklivesmattersantifa rioters shouldnt"
1267469650083958784,"khan demand gold spouting unicorn probable"
1267512130468671488,"dont part zombie games barely survived part"
1267992138991587328,"corrigendum covid"
1267305953910829056,"bitch scared bunkerboy"
1267992921275392000,"dont care covid anymore guess"
1267734582142685184,"ill antifa terrorist organization cia starts arming"
1267304609724289024,"blacklivesmatter materialistic things businesses replaced black lives"
1267985122667749376,"health workers frontlines covid pandemic luminaries month stronge"
1267499848011522048,"cheers mate"
1267585889577963520,"fandom commented rashami asim people himher politely"
1267304699650326528,"protesting ways blacklivesmatter"
1267534189903187968,"throw long isnt damaging weather dont unicorn"
1267985117412306944,"sdg advocate graca machel powerful message ending gender based violence response covid"
1267608411698540544,"cared black lives looting damaging businesses world woul"
1267581737049231360,"monkeyingredient rainbow monkey ingredients raindrops clouds"
1268016763721191424,"child someones girl blacklivesmatter trumpdictatorship racialequality"
1267563425502199808,""
1266537330376159232,"irony"
1267854577786748928,"playing zombie themed tabletop game pink background ruined theme gg tho"
1267979072073871360,"storm mario jump dont care touch class numerous secret network time sum"
1267856346663321600,"zombie rare form week"
1267512641196625920,"instinct tells test vagina works good"
1268005093103845376,"defend systematic murder dont belong kind businesses makin"
1267645785363173376,"part states long term testing strategy record volume covid testing completed friday"
1267582479663235072,"whats rainbow monster"
1267644212650131456,"hey man couldnt handle choaic making body feel tense overwhelmed"
1267993362650542080,"australian aid policy document response covid launched pivoting focus health security"
1267434041311182848,"people unicorn stories wait hold hours florida unemployment ive"
1266536429393514496,"destroying property"
1266536489292386304,"impersonating news people"
1266537520902344704,"arrested cnn reporter police officers killed george floyd fundamentally broken"
1267303940158304256,"harry posted instagram blacklivesmatter"
1268005581354344448,"nypd calling buses broadway houston nycprotests scannerduty blacklivesmatter"
1267971790573363200,"porn hmmm"
1267297040561774592,"isnt antifa default"
1267305908511608832,"bunkerboy america fire donald trump dark sucking thumb"
1267819523651932160,"uwu fr unicorn"
1267658298897006592,"clinical impact covid patients cancer ccc cohort study al"
1268009357549211648,"nyc protestors police specifically mentioning people bicycles safe experience"
1267597717162909696,"yeah twitter real bad misery browsing ive time decompress"
1266022100864811008,"wotc avoid branding pr mess temporarily halt production premium produ"
1267887865024974848,"expected rights"
1267601222556622848,"trump hiding underground bunker rn joke"
1266490110071181312,"card gore housechainwalker card type creature human warrior edition return ravnica rtr mtg magic"
1267949472723668992,"survived"
1267912045032173568,"happiness end rainbow"
1267651942731431936,"stay home september cities thing big businesses work home small businesses wil"
1267613782353862656,"trading cherry blossom set instant accept sky high ballet heels adorable lace pastel rainbow high tops"
1267986579919974400,"ive zombie"
1267995276398211072,"orainonda walking loods su radio rainbow italia lgbtq radio seguici su"
1267826047887663104,"big shoutout enorgventures oth"
1267703045003059200,"existing making hearts happy love borahae btsv"
1267974895838920704,"today pride month starting remember pride rune year year surpris"
1267629237315481600,"unicorn monkey"
1267568661931360256,"hear hear democratic leadership encouraging peace violence"
1267788761724837888,"plesh lemme ill give robux helped adoptmetrade adoptmetrading adoptmetrades ro"
1267304871935520768,"photos downtown indianapolis yesterday blacklivesmatter"
1268003486983245824,"curfew behindmywindow curfews georgefloydprotests couvrefeu nycprotests nyccurfew"
1267296398652907520,"yalls president tough bunkerboy"
1267638107576426496,"dont worry police started rainbow tear gas pride"
1265469663825313792,"metagame tuesday lcq mtgtogether mtg jeskai lukka fires yorion jeskai lukka fires yorion"
1267449872245911552,"onces buybthe album itunes close"
1267586022302457856,"fairly disappointed contacted customer service received rainbow phone"
1267297988550025216,"hey"
1267536769798602752,"doctor daddy mouth smells fish unicorn poop"
1267582313203990528,"jared turned rainbow lights riots stopped"
1267853913216163840,"understand zombie horde archetype"
1267429067109720064,"supcase unicorn beetle pro series case designed iphone se generationiphone iphone full body rugged"
1266536698445430784,"cnn covid narrative back"
1267304779279024128,"dope communities coming spread love pray country world blacklivesmatter"
1267593172928126976,"rainbow"
1267642509607309312,"infographic chinese regime colluded pandemic"
1266536401530585088,"minneapolis police officer charged murder george floyd reuters"
1267653668779823104,"aliens maga riots protests losangeles nycprotest"
1268016328557748224,"blacklivesmatter finding ways supportive"
1267456520419250176,"black people brazil fighting fight black peoples america theyre majorityi tired"
1267287428701859840,"antifa means antifascist"
1267305028060098560,"beautiful black men brought blackexcellence blacklivesmatter protests philadelphia welove"
1267569243194703872,"july aliens invade earth august yellowstone blows september everythings fire october zombi"
1267896561201295360,"oddly stupid earbud stayed rolling part continued wobbly fally outy"
1267300765598486528,"pick boo bunkerboy dark basement trumpisaracistthug"
1266575731011620864,"live mins playing mtg mtga friday night magic check"
1267990566857564160,"global community continues fight covid begin open world mobile technology"
1267917074329976832,"rain"
1267303883665100800,"video surfaced police officers vandalizing store chicago make protestors"
1267999489333264384,"mahalo travis craig islandlife photo capturing beautiful colors rainbow lighting"
1267304501226209280,"trump dick suckers saggy balls triggered tonight prissy ass bunkerboy trump hide"
1267933800991989760,"privileged literal rainbow flavors family helped"
1267304946426208256,"dont scared white person calling cops inconvenienced fight aren"
1267646005316481024,"hey magats funny wont wearamask covid totally youre looting pretending"
1267304131452112896,"stick togetheri color ur skin respect matter raceu matterwe st"
1267143973400969216,"bugs blue mage vampire black mage mtg"
1267936847809970176,"deny plain truth brainwashed zombie"
1267304964436692992,"blacklivesmatter blacklivesmatter retweet reply blacklivesmatterprotest"
1267972015908179968,"rossiter thing company turning logos rainbow"
1267525111416008704,"unicorn love"
1267818614880493568,"nun tha"
1267636542295678976,"happy pride month introducing newest collection rainbow pride drops june pm cst"
1267309683196428288,"blacklivesmatter georgefloydprotests protests riots anonymous icantbreath bostonprotest injus"
1267298235644862464,"trump called maga night protestors showed trump cowered bunker america justice wo"
1267531995309117440,"unicornbeacon entropy beacon fast spotted fox jumped phlegmatic coyote woofed howl growl"
1267576052248961024,"man walking park showing people knife zombie apocalypse allowed safe lmao"
1267536703805362176,"incredible ive lost count similarities reality past"
1267587365834350592,"morgan pcgs ms dual rainbow toning absolutely gorgeous wownr dr"
1267648747082625024,"russias avifavir favipiravir based covid drug registered approved russian health ministry ac"
1267896091703308288,"jokes good hook throw lol"
1267550157266173952,"unicorn farm egg"
1267638478042542080,"friend post agree national strike dont feed anymore lives public protest"
1267624856847355904,"fb open lines tonight fader fam hour make fur babies"
1267623045092573184,"cops unloading bricks back truck maby"
1266537507325464576,"cnn reporter omar jimenez black latino team arrested officers early morning minneapolis"
1267760819435118592,"raise hand youre fascism"
1267304035616387072,"silence complicity blacklivesmatter"
1266125436846735360,"truth volrath shapestealer sexy beast conversation yall arent ready mtg"
1267979042319294464,"gaming keyboard mouse combowired led rainbow backlit gaming keyboard keys usb ergonomic gaming keyboardga"
1267305035366621184,"blacklivesmatter"
1268017350957133824,"regime shows reality state media doesnt icantbreathe"
1267985601963401216,"unicorn diversity dermatology important"
1266537456687632384,"holy shit atlanta protestors destroying cnn headquarters night precinct burned ground upr"
1267599572978806784,"message received"
1267904689108025344,"boy live fantasy world hop unicorn fly"
1267304031749373952,"ive sayin dudeee cole kingblacklivesmatter coleworld"
1267538480822796288,"postsender"
1268017315393736704,"didnt appalling statistic black women die childbirth structural"
1267636323629883392,"celebration pridemonth toronto sign lit rainbow colours city hall towers lit pink"
1267304886175236096,"share picture wide true leadership crisis contrast tr"
1264945628955545600,"lair birds mtg secretlair"
1267660030460887040,"vice minister tsao proudly donated taiwancanhelp face masks rep matsebe liaison office southafrica"
1267626281249767424,"rainbow pretty"
1267636804586536960,"gonna pride glasses enjoy rainbow blurs"
1267656338852712448,"today asked taxpayers pick bills stacked ucp headquarters"
1267304338826973184,"time text justice floyd petitions sign"
1267609956095799296,"survival kits stock"
1267984858288197632,"hahahaha xd seungcheol leader soonyoung radiant minghao gorgeous seungkwan galaxy hoshi rainbo"
1267984613693026304,"yesterday witnessed youngish women sitting flat pavement public parking lot food"
1267875404221689856,"alba orbital proud offer transparent scalable pricing unicorn launch albaconnect products servic"
1267867418501607424,"shopper sis"
1267293505015017472,"hollywood clowns donated bail antifa domestic terrorists jail sink folks democrat"
1265280555173597184,"stream today clean bit plan"
1267805763994411008,"tiny girl wishes unicorns true painted favourite fictional beast unicorn"
1266537412949430272,"fighting corruption give back country"
1267940025167228928,"weee belive catch rainbow"
1267892579221123072,"company matches donations donate matched message currentl"
1267560456069283840,"dont care forcing parliament back queue seats removing remote voting"
1268017024975998976,"understand understand white female fight equality bl"
1267884624434409472,"zombie apocalypsevideo game kids living fantasies real life fakenewsmedia dems"
1267436784872554496,"bees"
1267655963743358976,"reopen economy safely reliable testing clear guidelines states resources prepare po"
1267585277536714752,"filthy despicable loathsome vile animal caught uncompleted building house morning sleeping"
1267607069470986240,"rothy rainbow"
1267305174877396992,"awesome released blacklivesmatter notes company spe"
1267863299024191488,"lovely bunting adorned comforting sass belle evie unicorn starry skies smiley rays sunshi"
1267584954763968512,"ps rainbow pride ring lgbt flag"
1267984344314007552,"covid update reporting positive case additional recoveries quad county region"
1267502902802673664,"adoptmetrades im trading marsh plushies rainbow wands witches wands starpower wand zombie buff plushies octo"
1267592440090894336,"day rainbow kimickaphotoaday"
1267966771002105856,"paul boy brown unicorn hey guys count maggots sleep"
1267298048897671168,"democrats crackdown peaceful protestors reopen businesses beach haircutbut dont ha"
1268017221269364736,"cameras wed fucked filmed cops save anymo"
1267977044492779520,"lot people rainbow umbrella meant"
1267617177693122560,"women rainbow symbol love inclusivity"
1267908173878312960,"im denimom denimalz anticipate arrival denikidz"
1268017030768230400,"fact south africa youth queued day youth month alcohol early day breaks heart"
1267647124201713664,"tonight trump administration makes clear governors put unlawfulness weak blue city mayors ple"
1267655945850687488,"study important evidence associating heart strain adverse outcomes hospitalized patients"
1266117674175795200,"shizuka jeskai colored kitsune fanwalker wanted show abs lt shes favourites mtg"
1267774990876700672,"spanks"
1268016375295066112,"explaining things basic humorous form reaches people helps understand"
1267310874810880000,"planning protest watch video hyram skincare mace andor"
1267645570455269376,"worrying latin america chile peru brazil covid"
1268001168644603904,"rainbow someones cloud"
1267910145733988352,"youre expanding anti racist knowledge book collection support black owned bookstores"
1267835097048166400,"missinggg helppppp"
1267612384497197056,"pride month temptation buy cool rainbow pattered stuff brands"
1267305102181896192,"blacklivesmatter stand"
1267940007370784768,"clean search rt replies exo exo rainbow exo exo talent exo art exo vocals exo suho exo lay exo sehun"
1266537116856733696,"amazing correspondent gas mask commented"
1267830242606899200,"hey hows enjoying zombie apocalypse riots"
1267903418724757504,"grandma dons inflatable unicorn suit hug grandsons tuesdaygoodnewsday eilp"
1267703559337816064,"news anchors unfortunate looters taking attention real issues"
1267309755514720256,"riots protests protests riots coronaviruspandemic lockeddown georgefloydprotests"
1267657084624965632,"cumulatively million deserving families categories ehsaasemergencycash withdrawn rs"
1266536608913862656,"wasnt cnn reporter arrested people maga hat wearers"
1267877596190121984,"bubble kind chose cops"
1267991621024399360,"popular demand jyotish live facebook event continues jobs career decoding career graph economy"
1267651813362171904,"elected official isnt calling amendment invoked playing politics ou"
1267935515317280768,"zombie movie dont forget spreading corona virus paris corona covid"
1267977922394152960,"rainbow doodles art digitalart artist digitalartist"
1268008541484351488,"celebrities handing money buy yall dictionaries"
1267300199270977536,"hides bunker hitler lies media enemy hitler claims op"
1268006426305323008,"correction busses manhattan bridge clear nycprotests"
1267627426986766336,"end sight zombie economy oped"
1267990942147018752,"special issue vetrepreneur focuses veteran business ownership including veteran business owners"
1267645078270435328,"coronavirus brought world screaming halt lockdown covid mobility dataviz"
1267648623434661888,"struggling access office payroll files process salaries covid lock"
1267939516368605184,"im delphine"
1267989517165707264,"amc evil unicorn"
1267286005159264256,"antifa trumpcrimefamily simple"
1267303469293191168,"yo bunkerboy trending imagine president bullied entire nation"
1267309240852643840,"whats happening capital city united states dcprotests protests"
1267600569528717312,"rainbow happy boi supporting gays"
1267788210836512768,"give changing hair braid shot bored"
1267593378520236032,"tijuana loyal viewers sharing incredible pictures dont forget follow social platf"
1267630643191730176,"comp het years left fuckiing lgbtq posts grouped"
1267304996741283840,"antifa terrorist organization white supermacist groups arent antifa isnt organization americ"
1267657002685251584,"deeply disturbed confluence factors taking disproportionate toll communities color covid"
1267853204894765056,"antifa isnt organization orange man bad biden overly affec"
1267418730469957632,"thursday june participating redeyes gaming day presenting business mission explaining beli"
1267622253577097216,"reading rainbow host cussing"
1267304590250323968,"goal today raised donated post donated"
1266537176449388544,"breaking cnn center"
1267986749071876096,"wanna hug rn youre"
1267709177000071168,"zanhe ninja unicorn rioters blocked guess hurt hope fans enjoying"
1267818153209290752,"nun young black kids london arm knives"
1267508589087854592,"president designated antifa terrorist organization rioting nations cities joe"
1266536590719025152,"cnn orchestrated knowing insurance money"
1267984304916893696,"fuck forget youre deadliest police force nation bullshit propaganda"
