text,label,label_2,diff
"RT @_sweetgangster_: Vica secretly(?) gazing at Jack. It's obvious how she feels about him but what about our pumpkin guy?

#panaceagame #t‚Ä¶",0,1,0
"RT @IDPCAsia: Around the world, #prisons are becoming increasingly overcrowded. #Humanrights abuses are rampant, from denial of basic #heal‚Ä¶",0,1,1
I was so excited to vote 4 @NYCMayor I did it 2ce. It was my 1st time voting and I researched who to chose and felt‚Ä¶ https://t.co/mHFH4Ormdz,0,1,1
RT @CantGuardCourt: Denver said it would not arrest protesters for being out past curfew and look at the results,0,1,1
@freaky_mahdi I cant üò≠üò≠üò≠üò≠üò≠üò≠üò≠üò≠üò≠üò≠ i was thinking how can i fix that,0,1,0
@KSVesq Paid for by our tax dollars,0,1,1
"RT @SaniaNishtar: With great humility &amp; guided by a rules &amp; transparency driven approach, our government has crossed the Rs. 100 bln mark w‚Ä¶",0,1,1
Prayers&amp;Thoughts For your loss of your Dog Isaboo Rachel&amp;John She was delight to watch I'm going to Miss her How sh‚Ä¶ https://t.co/r5WhjnNt6v,0,1,0
"RT @ClowntownRL: @TheMilkmanBilly out there styling üòç
.
Check us out on instagram! ü§°ü§° https://t.co/8GEMja9wS0
.
#rocketleague #clowntown #t‚Ä¶",0,1,0
@AnnNabors4 HUGS! I am so sorry! This is the hardest part of loving a pet but it is the one last gift you can give‚Ä¶ https://t.co/VokY9fSehf,0,1,0
"RT @KRISTINSANGRY: INFO THREAD: if you cant donate yourself, here is a thread of youtubers you can watch. all proceeds from ads (pls do not‚Ä¶",0,1,0
@arvbellaflvme Aww poo that's so not cool ü•¥üò©,0,1,0
"@GOP @realDonaldTrump How come he ignores subpoenas , refuses to testify under oath, uses justice dept to let his p‚Ä¶ https://t.co/Ixh6WHxNY5",0,1,1
RT @GSierraZorita: @douglasmack @zombie_esq Sharing - https://t.co/tAghee4EbT,0,1,0
RT @SnaehaJ: our Tamil community knows how it feels to have our brothers and sisters killed just for being Tamil. Let‚Äôs not let our Black c‚Ä¶,0,1,1
@AmandaTNStevens @bardandbaker @oneironym I'm glad you like it! It felt very anime with the strawberry garnish on t‚Ä¶ https://t.co/jeglLr6Xwz,0,1,0
RT @SarahhMontt: This person tried to bulldoze a peaceful protest in Pasadena. This is what your #BlueLivesMatter flag means to me. Monster‚Ä¶,0,1,1
"@OCcornpop @HBPD_PIO @Twitter Speaking of ugly, sorry just came to me when I looked at your profile with a dead San‚Ä¶ https://t.co/NBZGOPuGUS",0,1,0
"RT @virtuallyoon: PEOPLE IN THE UK PLEASE SIGN THIS PETITION !!! 

IT‚ÄôS TO STOP THE EXPORT OF TEAR GAS, RUBBER BULLETS AND RIOT SHIELDS FRO‚Ä¶",0,1,1
RT @TheEllenShow: I support the protestors who are exercising their rights and standing up against the horrible injustices that Black peopl‚Ä¶,0,1,1
"@RichieD76 @CourticeMarcus @donnantwich @YvetteCooperMP Again, so what?? Stop spouting irrelevant nonsense",0,1,0
"RT @MarkHarlan_AD: Listen. Learn. Act.
#blackouttuesday https://t.co/4z7lpe7S9f",0,1,1
"RT @JoseMedinaJr89: It‚Äôs a time of reckoning. We, in #duallanguage (&amp; world languages), have been complicit in maintaining systems of oppre‚Ä¶",0,1,1
RT @ThePiebrarian: URGENT SCANNER UPDATE: I'm hearing requests for backup at 30th street and 6th ave in Manhattan and I believe I can hear‚Ä¶,0,1,1
@tardis_noise @Thegamerdude98 @PlayStation Black lifes stop saying that it is hypocrisy you are referring to life‚Äôs‚Ä¶ https://t.co/wdd2EE0CZT,0,1,1
"@midnight5791 If you like horses and sci-fi, this book is for you!

https://t.co/BPEGtyYUVv",0,1,0
@ricky_twin @CasaburiFrank @johnrobertsFox @CNN Is this a joke? OAN is maybe the most biased out there. One reporte‚Ä¶ https://t.co/gscDx0pfjA,0,1,0
New to historic and looking for a budget deck that is competitive? Check out this 6R 4M wildcard mono blue tempo li‚Ä¶ https://t.co/C7ro01lYX1,0,1,0
@Unicorn_Galaxy4 This girl said oh yeah I think you can have the halo and then she is like nvm and she fucking told me I could have it,0,1,0
"My life matters.
I am not a threat.
I just want to live FREE.
I WAS BORN HERE
My life isn‚Äôt up to YOU.
#StaffordVA‚Ä¶ https://t.co/fjhTcuogGz",0,1,1
RT @kyharchive: 200601 | CODEBLUE1219 https://t.co/yWqQd0OzU1,0,1,0
This is amazing to see in a paper like the @HoustonChron. If only more people had kneeled with @Kaepernick7 instead‚Ä¶ https://t.co/Ak6x7gMhfE,0,1,0
@SteveGuest @ComfortablySmug They don't give a fuck either.,0,1,0
@ericswalwell @Karaoke_God @JoeBiden I cannot wait to vote for a decent man who will represent all Americans.‚Ä¶ https://t.co/bGk3tp465M,0,1,1
@VMartinez2112 @enews It‚Äôs never enough! Why can‚Äôt you just say thank you! That was an awesome gesture!,0,1,0
"RT @Gr33nJack3t: @Bound_Unicorn charging into fire uphill is my preferred strategy. high ground advantage is dissolved by superior resolve,‚Ä¶",0,1,0
"RT @catturd2: The average, ordinary citizens of this country are only gonna take so much more of this terrorist bullshit.",0,1,1
"RT @MaraGay: De Blasio just now on NY1: ‚ÄúIf those protesters had just gotten out of the way, and not created an attempt to surround that ve‚Ä¶",0,1,1
YOU CAN‚ÄôT KEEP US QUIET https://t.co/lIDhhBaWgQ,0,1,1
So I bought this mask from @crookedmedia about two months ago. Sad to say it has an unintended dual purpose because‚Ä¶ https://t.co/lRmba0CkeS,0,1,0
RT @LexxClarkk: You can take action by going on this site and finding your local representatives and contacting them!!!! WE CANNOT LET THIS‚Ä¶,0,1,1
"RT @notyoongii: rt if your account is a safe place for muslim, black, brown, lgbtq+ armys ‚ô°",0,1,1
RT @stevensantos: Just remember that Trump's still fucking up the pandemic response along with what's been happening this past week.,0,1,1
"RT @liberalinternat: Join LI's leadership: @hansvanbaalen, @KH_Paque &amp; @AbirAlsahlani + international panellists, tomorrow at 11:00 CEST as‚Ä¶",0,1,0
RT @WiganNews1: NEWS: Wigan Council and Network Rail have said they intend to make signage clearer on all low bridges in the borough. https‚Ä¶,0,1,0
"RT @AgeofZOfficial: Are you the winner?
Fight with zombieÔºåsave your cityÔºÅ

#AgeofZ",0,1,1
Serious question: Could someone explain how that bastardization of our flag doesn‚Äôt violate the flag code? If it do‚Ä¶ https://t.co/QblKX5i2Lg,0,1,1
To Take Such Tragic Matter and Use It As an opportunity for more Violence &amp; Hate... In the name of Peaceful Protest‚Ä¶ https://t.co/UMkOxWoXsa,0,1,1
"RT @winstonleather: She LIGHTS up our world. ‚ú®‚ú®

Surrender to the allure of the Tokyo iridescent pink metallic bag.

Color effect changes u‚Ä¶",0,1,0
RT @brekkstairs: PLEASE HIT US THANK YOU,0,1,0
"RT @AnonEV_H: Boots-on-ground Anons are needed in cities across the US. Do your part and join this historical moment.

#GeorgeFloydProtests‚Ä¶",0,1,1
"RT @mutantballyhoo: I love the ‚ÄúN-Y-P-D, suck-my-dick!‚Äù chant because it can‚Äôt be co-opted by corporations making ads. Like Amazon or Apple‚Ä¶",0,1,1
@iBREathetweets_ I love you Queen ü§ó,0,1,0
RT @detsolnet: Human rights defenders #VaravaraRao #AnandTeltumbde #ShomaSen #SudhaBharadwaj have been denied interim bail. Despite their p‚Ä¶,0,1,1
"If you've looked into C/C++ programming, you'll likely've heard of """"Pointers"""" and """"References"""". What are they? How‚Ä¶ https://t.co/vh1ozqwU0d",0,1,0
RT @CrackTeeSA_: Crack-Tee - #CultureVulture (25k Cover) dropping on the 08th Of June. Really hope @TheReal_25K fucks with it. Let's Go!!!!‚Ä¶,0,1,0
"Rohini Hattangadi Interview - Rohini Hattangadi is a complete package! She can make you laugh, cry, mesmerize and h‚Ä¶ https://t.co/p6MQEimxuM",0,1,0
@LeadChangeTrish That takedown is textbook,0,1,0
"RT @zoeamira1: IT MADE ITS WAY TO TUMBLR TOO???? OVER 90,000 NOTES??????? YOOOOO i love yall https://t.co/kGfT5PYlwf",0,1,0
#wherethewildthingsare !#fieldgrownflowers season has officially taken off! Visited my longtime favorite‚Ä¶ https://t.co/dswrD3CNcT,0,1,0
"RT @mises: If it were not for accommodative monetary policy, many big firms would have otherwise shut down by now. Once again, the Fed is r‚Ä¶",0,1,1
"RT @NALCO_India: She kept the tri-colour flying high for India. Now, Indian Hockey star &amp; NALCOnian Sunita Lakra is doing her bit to raise‚Ä¶",0,1,0
"RT @dahlia1027: Another powerful masterpiece by @Eleven_Films 

‚ÄúBlack people are dying in a state of emergency... Do what you say this cou‚Ä¶",0,1,1
"RT @SaniaaShafiq: @AnupBis71680145 He is a betrayer &amp; beast. He is still fake.

#WeLoveShehnaaz 
#ShehnaazGiIl 
#Shehnaazians https://t.co/‚Ä¶",0,1,0
Grand Rising ü•∞ I still haven't been to sleep üòÖüò¨üôÉ,0,1,0
"@Baligubadle1 @realDonaldTrump @FoxNews How ridiculous that a coward #CadetBoneSpurs like 
@realDonaldTrump is now‚Ä¶ https://t.co/r2X1K6nkba",0,1,1
"RT @tepanchinceva: @billtay25 @HassCho The Shantar Islands are amazingly beautiful and rich: whales, killer whales, pinnipeds, other inhabi‚Ä¶",0,1,0
RT @SHIRTTTTTT: So I don‚Äôt talk much at all but the world is dead lol next thing I know when I finally go outside it‚Äôs a call of duty zombi‚Ä¶,0,1,0
Worked out this morning too time to shower and get my life in order good morning babiesssss,0,1,0
"A long-awaited federally backed loan program with loan limits from $500,000 to $200 million is being positioned to‚Ä¶ https://t.co/iDKgMpE1iZ",0,1,1
"As worthwhile a cause it is to #protest2020 (not riot) these issues, was it not worth for these experts to support‚Ä¶ https://t.co/FX4B2g2a7S",0,1,1
"In the final episode of our Ikoria D&amp;D adventure, a mystery will be solved! But what will happen to the NPCs? What‚Ä¶ https://t.co/OZ9h9AW0Tz",0,1,0
@unicorn_intown Stay strong baby keep shining,0,1,0
RT @MisterPreda: Good morning @YouTube @ytcreators @SusanWojcicki it‚Äôs time to finally make an example of @jakepaul. A millionaire who‚Äôs la‚Ä¶,0,1,0
RT @halsey: THIS. WATCH. THIS.,0,1,0
companies are so damn scared of the word ‚Äúgay‚Äù. every pride month piece of merchandise is labeled ‚Äúpride‚Äù or ‚Äúrainb‚Ä¶ https://t.co/7Qpx2q8jGZ,0,1,0
"@ShinaReynolds https://t.co/BPEGtyYUVv

A horse tries to write to his owners, and they make him a celebrity.",0,1,0
@Trump2020Black @Motheo2009 @ShaiPhumla @ITKHUMALO @Me Kumele uzazi mfondini. You call Ndebele people kwerekwere an‚Ä¶ https://t.co/ClYwkwbXOc,0,1,1
RT @meeeshx3: Y‚Äôall I have friends and family from other countries and THEY HEAR US!!!!!!! So why can‚Äôt @realDonaldTrump ?! #BlackLivesMatt‚Ä¶,0,1,1
@Rainbow_Punch That‚Äôs okay I literally just ended up being able to get something from someone else so I would‚Äôve ha‚Ä¶ https://t.co/UyH3mtkgQy,0,1,0
I still don't get how these announcements are better than instantly banning something or establishing a watchlist.‚Ä¶ https://t.co/srM0AKt29d,0,1,0
RT @gwendrOlyn: i can‚Äôt b there bc i have Willow but if YALL NEED ANYTHING PLEASE LET ME KNOW - i will drive n wait in the car - get you su‚Ä¶,0,1,0
RT @quitrems: here are some books that discuss institutional racism &amp; how racism manifests in today‚Äôs society. also some tv shows / movies‚Ä¶,0,1,0
@MeganPlays @MeganPlays I dare you to give me a mega unicorn(btw it‚Äôs okay if you don‚Äôt want to lol but if you agre‚Ä¶ https://t.co/n47FYB5ZaZ,0,1,0
@stollez I‚Äôm just impressed they travelled for work and not just a jolly or to get laid.,0,1,0
"RT @AshleyPorteeyo: Freedom of the press is protected by the first amendment.

But it wasn't protected today.",0,1,1
RT @MrThePlague2: Very happy to hear that @powrdragn and @diceasar from @ColorofMTG will be playing in the https://t.co/IEFDzMwhEj Young Li‚Ä¶,0,1,0
"RT @BiiiinoX: My gf and I dedicated this day for our assignments.... I just video called her now... 

A ke happy struu!ü§û mogirl looked like‚Ä¶",0,1,0
"Thank you GiantPunky for being the better in this. 

Also just because me and @ZombieRaay glitched to get planes do‚Ä¶ https://t.co/eSrXtqjGFw",0,1,0
"RT @rodney_kun: *everyone struggling to cope with the current corona pandemic*

Ebola : https://t.co/LJ1CuIlkGJ",0,1,0
@PhilipRucker DC &amp; the nation is burning from the fires he started then fanned the flames of with his own brand of‚Ä¶ https://t.co/nlaa15upkq,0,1,1
@ElsieMarblewood @briancebuhl @JamesNealWrites @Brian_C_Palmer @erintiffanygrey @clemmiegirlnz @Inkandmagic‚Ä¶ https://t.co/9QhYmO973R,0,1,0
"Went 4-1 with GW Maverick tonight, Gyruda just being too fast for me to overcome 

Deck felt great - didn't miss th‚Ä¶ https://t.co/rut3rsGw30",0,1,0
RT @tweetjoshrosen: At Pasadena City Hall for a candlelight vigil in remembrance of George Floyd and other Black people who have been kille‚Ä¶,0,1,1
"RT @redwins3_first: I loathe @CNN I mean loathe them. However destroying property with spray paint, &amp; breaking windows isn‚Äôt making a state‚Ä¶",0,1,1
"12 y old sis: did Russia adopt socialism? 
me: they did 
her: are they the only country to do that?
me: no, there a‚Ä¶ https://t.co/JrFT1bKnfm",0,1,1
"//FAKE
IM JUST A PUPPET IN YOUR PLAY
YOU PULL THE STRINGS AND I OBEY
HIGH THEN OXYTOCIN HIT ME JUST RIGHT
YEAH
ZOMB‚Ä¶ https://t.co/fhGIcwN0Ix",0,1,0
"RT @DrPoorman: But it seems like an isolated incident, even though there have been so many other videos and murders and deaths. You cannot‚Ä¶",0,1,1
Thing is: $SCTY bailout has proven imo that we should be willing to think far outside the box of normal corporate b‚Ä¶ https://t.co/yPiGhRYeU0,0,1,0
RT @wbkgaga: what if gaga says ‚Äúi‚Äôm finally having fun tonight‚Äù at the chromatica ball bye i‚Äôm soft for this song,0,1,0
People taking to the streets to protest against racism and systematic oppression are labeled violent rioters and ha‚Ä¶ https://t.co/gkxNCMbRjH,0,1,1
"It‚Äôs gone way beyond. Unfortunately, they‚Äôre using George Floyd as an excuse. The majority of these rioters (not pr‚Ä¶ https://t.co/r52fHyDzay",0,1,1
"RT @EtsySocial: Tie Dye Baby Shirt, https://t.co/3WKj1boRKD via @EtsySocial #EtsySocial https://t.co/83ovemNErx",0,1,0
"RT @PaperAshes: ‚ú® HAPPY BOOK BIRTHDAY ‚ú® to 4 amazing Black authors all with books out today!!

YOU SHOULD SEE ME IN A CROWN @byleahjohnson‚Ä¶",0,1,0
I would so watch this on the edge of my seat waiting for that chicken coward @realDonaldTrump snap and make it all‚Ä¶ https://t.co/JMlNZNRt5Q,0,1,1
RT @lostiinthewoods: What a kick off to Pride Month 2020 by watching Magic Happens with my little family. I love them all so dearly .. cann‚Ä¶,0,1,0
the second half of it. https://t.co/uumYauQ7TB https://t.co/mbbfrxZ2gf,0,1,0
[Event tomorrow at 4.45pm] #Cybersecurity businesses and #startups: Don't miss this to get insights on‚Ä¶ https://t.co/v50bQz2FSL,0,1,0
@mizkc22222 @BlitzDaTweetGo1 @PredictIt My understanding is that it's a regulatory headache for them - any withdraw‚Ä¶ https://t.co/nbz64MxSdG,0,1,0
@johnrobertsFox @CNN Real or staged arrest?,0,1,1
@G19106 @CNN It‚Äôs sad miserable people like you that make this country corrupt! There is nothing that 45 did in dur‚Ä¶ https://t.co/22kN28wdRY,0,1,1
@genre_bts Wait what ? ü§£ü§£ü§£ü§£,0,1,0
@zombie_paxton @SteathyGeek_ @stealthygeek @torbooks I heard he's not a good guy. I heard he's a bad guy. And overweight.,0,1,0
@nhannahjones @RealSaavedra You don‚Äôt seem insecure about this at all :3,0,1,0
"RT @reggirah: Black creators! If you are scrolling by please drop your artwork, content, commissions and social media.",0,1,1
@nanner920 @TheLeadCNN @jaketapper @GiniGerbasi Aaahhh the conservative Evangelicals are speaking up! Truuuue colou‚Ä¶ https://t.co/nNH3nKbGK2,0,1,0
RT @Y2KANi: this is what we mean. fkn quit that job if u truly care. he did. i respect dat https://t.co/e2fjrYANek,0,1,0
"RT @NDFootball: We will refrain from posting on social media for the remainder of the day in support of the Black community. 

Please use t‚Ä¶",0,1,1
"ùóñùóºùóøùóºùóªùóÆùòÉùó∂ùóøùòÇùòÄ ùòÑùóºùóøùóπùó±ùòÑùó∂ùó±ùó≤ ùóπùó∂ùòÉùó≤ ùòÄùòÅùóÆùòÅùó∂ùòÄùòÅùó∂ùó∞ùòÄ üåé
üá∫üá≤  üá™üá∏  üáÆüáπ  üá´üá∑  üá®üá≥  üáÆüá≥
Total Cases:  Total:
New Cases:   6,478,216
Deaths:‚Ä¶ https://t.co/3loaQdIetT",0,1,0
"RT @nyjats: A list of Black owned makeup, skincare, hair and fashion brands. Feel free to add more in the mentions üíì https://t.co/eZ1905ttEB",0,1,1
"@Nicky_Moore17 @FUTDonk I just packed him but the 1 game I played with him he was really fun to use, and I don't sk‚Ä¶ https://t.co/exPpGBrwZ3",0,1,0
"RT @longbeachgriffy: A LOT of you influencers were quiet this past weekend, you‚Äôre not obligated to speak up on black issues, but when you‚Ä¶",0,1,1
@ManyAreSoy We are mesmerized by mob mentality. People who normally don't loot or damage property all of the sudden‚Ä¶ https://t.co/Qexl7UmMV2,0,1,1
"@NYDailyNews Dude, you were Vice President for 8 years and 40 years plus  in politics. Really!!!!!",0,1,1
@kid_prairie @Sisquo12 @mohdomarkamal @CNN I bet you are ok with Anitifa! Since the fake news media sides with them‚Ä¶ https://t.co/siQ8ddd0KF,0,1,1
"RT @ProfSRK: Today Udupi District has recorded 210 #CoronaVirus Positive Cases.

Kindly Stop the Entry of People from Maharashtra &amp; Take Ca‚Ä¶",0,1,0
RT @isaiah_kb: please stop sharing video of cops taking a knee for the love of god unless they‚Äôre refusing orders to gas and terrorize prot‚Ä¶,0,1,1
"RT @Debasement14: practicing my Smut dialogue bubbles üëÄ
Shoji's intent is to spoil his Shoto,
but he might actually be breaking him- oOPs~üíã‚Ä¶",0,1,0
"RT @KarlBelanger: I wrote a thing for @macleans about long-term care and a moment on the campaign trail.

https://t.co/LWf7ZQjQ6f

#COVID19",0,1,0
"RT @ygent_official: BANG YE DAM of #TREASURE ‚ÄòÏôúÏöî (WAYO)‚Äô MOVING POSTER

Digital Single &amp; M/V Release
‚úÖ2020.06.05 6PM

üì∫NAVER TV : https://t‚Ä¶",0,1,0
"@jiminandtea How can people even be anything else other than ot7? thats too cruel. Thats not an army, thats just so‚Ä¶ https://t.co/0FXLWl9Og2",0,1,1
"RT @ryan_santos32: Why can‚Äôt you protest peacefully???

White people when they couldn‚Äôt keep slaves : https://t.co/nlShSvB3ZC",0,1,1
"Every life is worth it. You need to know that you are wonderful because at the end of every road, there is a rainbo‚Ä¶ https://t.co/JTjbF2CAhj",0,1,1
"The Witcher:
Geralt met an Oneiromancer offering 106 crowns for a Golyat . Should Geralt Accept/Reject/Haggle for price?",0,1,0
I love seeing white people getting out here and doing their part. I hate seeing them looting and burning shit down‚Ä¶ https://t.co/dhBc3F1Tbz,0,1,1
RT @ironsam85: @Cicerorian_ @Oddy4real Same cop had over a dozen complaints in a city and state run by Dems. I'd expected protest at the ma‚Ä¶,0,1,1
RT @ngsayjoe: Have never been making money from stocks faster yet more painful by being an absorber of pains. Bought $TSLA &amp; $WORK when the‚Ä¶,0,1,0
@_Anaya_lator LMAOO I AM BUT OK BITCH I WAS LAYINg down TRYNA SLEEP AND I STARTED THINKING ABOUT I HAVE LESS THAN 2‚Ä¶ https://t.co/iHfUCgPOQm,0,1,0
"RT @softchickennugs: this isn't only happening in america, it's happening everywhere. #BLACK_LIVES_MATTERS 

25 May 2020              28 Ma‚Ä¶",0,1,1
"RT @BravoTV: Bravo stands in solidarity with the Black community against systemic racism and oppression experienced every day in America.
W‚Ä¶",0,1,1
"‚ÄúTurn it up, it's your favorite song
Dance, dance, dance to the distortion
Turn it up, keep it on repeat
Stumblin'‚Ä¶ https://t.co/1dsZ2N1laT",0,1,0
RT @InGodIDoTrust: are colluding and organizing the riots to ensure a Trump victory in November. She cut the interview short as she had to‚Ä¶,0,1,1
"RT @kishanreddybjp: Smt. Rekha Devi from Himayatnagar, Hyderabad has donated ‚Çπ1,01,116/- to the PM CARES Fund.
I‚Äôm happy to see people cont‚Ä¶",0,1,0
RT @PopBase: Please shut up and pay attention to the problems of your country rather than victimizing yourself to the media for the billion‚Ä¶,0,1,1
RT @PuestoLoco: Reichstag Fire Decree 1933‚Äì ‚Äúpermitted the German Reich regime to arrest &amp; incarcerate political opponents without specific‚Ä¶,0,1,1
"RT @TheAmirVera: Omar Jimenez's mom &amp; grandmother watched his arrest this morning. 

He said his grandmother was arrested during the civil‚Ä¶",0,1,1
RT @LBRYio: We're enjoying video collages from @rainbow_jaw as part of LBRY's paid content beta. Check out his video The Man Who Saves the‚Ä¶,0,1,0
Oh &amp; üñï To The So Called Voices That Aren‚Äôt In The Frontlines Protesting Like Us. They Should Be The First Ones. Hid‚Ä¶ https://t.co/AKqjdPE98Y,0,1,1
"@CNN 
Can you please ask what the end game is?
Arrests of MN cops? Everyone taking a knee? Everyone blacking out th‚Ä¶ https://t.co/80eDEdKega",0,1,1
"You can‚Äôt really explain the feeling of these protest untill your really apart of it and marching &amp; shouting, it‚Äôs‚Ä¶ https://t.co/kCL2d7jCM9",0,1,1
RT @BeemWeeks: Journey to the Rainbow's End: A Drag Queen's Odyssey by Forrest Stepnowski! @frstepnowski  https://t.co/vneBevp2cD https://t‚Ä¶,0,1,0
RT @lau_ryanne: he should also condemn the tear gas used in montreal literally two days ago!!!,0,1,1
@Melissa46932856 we can only pray that they‚Äôll hear our message and make a change so that we can have peace at the‚Ä¶ https://t.co/7K4xTBEP6v,0,1,1
"RT @1playsports: üóì Find out what you've missed and what you can expect later on the 1 Play Sports platform for Tuesday, 02 June 2020. Here'‚Ä¶",0,1,0
@andyguy @AndrewRChapman @titime47126102 @trump_resis @TakeThatEpi @markthorsby1 @wisemanryder @RealAnonDouche‚Ä¶ https://t.co/mW1ijL15CM,0,1,1
"RT @MeredithJuliet_: This is my favorite store on Mass Ave - @silverinthecity 

They boarded up the shop today and wrote the names of those‚Ä¶",0,1,0
RT @CPRAction: üò°@NYCMayor &amp; @NYGovCuomo have had such problems cooperating on #stayhome orders &amp; closing schools to #FlattenTheCurve of #CO‚Ä¶,0,1,1
RT @onenewsph: CDO Rep. Rufus Rodriguez has filed a House concurrent resolution seeking to extend the 18th Congress's 1st regular session u‚Ä¶,0,1,1
"@marysnaf WE WOULD BL ALL DAY AND ID PAINT YOUR NAILS TOO ;; eat pizza, pasta, gelatoooo and just be happyyyy siste‚Ä¶ https://t.co/nqIuSh8KVi",0,1,0
"RT @ExoticMTG: Lets go live on Youtube! Opening Rivals of Ixalan box for @Four2113 

https://t.co/qdh7syPbzF
#mtg #unboxing https://t.co/wD‚Ä¶",0,1,0
RT @PriestleyStacy: @zombie_nun It has been duly noted Dave. Remembering the images of free TR protest done up like soldiers. But an actual‚Ä¶,0,1,1
"NEW‚ÄîMost comprehensive study to date provides evidence on optimal physical distancing, face masks, and eye protecti‚Ä¶ https://t.co/GyRiTvNSL6",0,1,0
RT @sarahcpr: Is Trump perfect? No. But does he wake up everyday and try to be better? Also no,0,1,1
"RT @w_terrence: These are not Protestors 
I repeat these are not Protestors

These are not people who care about George Floyd 

I repeat th‚Ä¶",0,1,1
"@pulte $MaHallowzmum   I would pay my rent, car payment and get groceries for my family. Given the times, I know ev‚Ä¶ https://t.co/GbvMMXn8CW",0,1,0
"Thinking of these 4 queens for not only showing up but using their platforms to spread awareness, speak about impor‚Ä¶ https://t.co/MHm6GIL8Im",0,1,0
"That feel, when you opened all your Magic Booster packs and still want more

Video on https://t.co/nKXi4IXb98

#mtg‚Ä¶ https://t.co/INzfbiQphx",0,1,0
"RT @thomaseast77: Looking for freelance esports writers who can pitch great stories on players or teams for @Dexerto. Got ideas for CSGO, C‚Ä¶",0,1,0
RT @blvkbiird: Get your sexy pjs. First frame R450 for all three.  Second frame  R250 . Courier R99 . Please whatsapp 0817051798 . https://‚Ä¶,0,1,0
RT @Blike_Dante: Girl fuck her and you,0,1,0
"RT @MrAndyNgo: """"When we talk about fear... that's what black people feel every single day‚Äîwhether you're going to a grocery store... whethe‚Ä¶",0,1,1
"RT @JeffreeStar: If you're bothered by human rights or don't care about what's happening to our world, please unfollow me. #JusticeForGeorg‚Ä¶",0,1,1
I'm online right now on Skyprivate - pay-per-minute system for Skype live shows. Call me right now in private here:‚Ä¶ https://t.co/Mcstt7aXN3,0,1,0
RT @I_Am_Concerned: Hey @realDonaldTrump do you see now that most Americans hate you and your hate mongering??? Such a little weak minded s‚Ä¶,0,1,1
RT @DCWonderWoman: She's ready to become the hero society says she isn't. Here's your first look at #NubiaRealOne by @ElleOnWords and @RoBr‚Ä¶,0,1,1
"@teamronnie2012 @IngrahamAngle @CNN How would you know what fake is?
You clearly have no idea what is happening.",0,1,1
"First it was a trampoline, then a paddling pool, then a shell sand box...and now this. Well played, neighbours. Now‚Ä¶ https://t.co/6ojkNFcxnL",0,1,0
"How far would you go to save someone you love? What wouldn't you do?

 https://t.co/0uEi0Ftbto

Stage 3: Alpha

FRE‚Ä¶ https://t.co/rlpDy3OO14",0,1,0
RT @PicsByGB: @kylejmcfadden @BBCBreaking @BBCWorld @BBCNews @nowthisnews @vicenews @USRealityCheck @SkyNews @BuzzFeedNews @CBCAlerts the f‚Ä¶,0,1,1
"JUST RELEASED: In this episode of #OncLiveOnAir, we spoke with @DrChowdharyMD @RushMedical who shared advice for fa‚Ä¶ https://t.co/NgdE5mWTFe",0,1,0
i think a lot of people are forgetting that frank iero is LITERALLY on the fbi watchlist for his 2009 Leathermouth‚Ä¶ https://t.co/CGt3uTadkY,0,1,0
@unicorn @bouldercolorado Are you ok?,0,1,0
"RT @ohnahbebz: I am so disgusted &amp; pissed üò° this is a 75 yr old Vet. from where I was raised, HILLTOP! Please look out for your neighbors &amp;‚Ä¶",0,1,0
RT @AJ_Ktweets: Twitter is your dad when your bad üëáüòπ https://t.co/MPpfBCGt3N,0,1,0
Commander Clash S8 E6: Ikoria Week w/ Wedge | Chevill vs. Gyruda vs. Nethroi vs. Winota https://t.co/CzEhPXxfyD‚Ä¶ https://t.co/K2TCQVsjkf,0,1,0
"@ImMosswi it would be . but sadly I traded for like vanta black , fuckin that unobtainable sniper , carolla , glitc‚Ä¶ https://t.co/hftgojMlq8",0,1,0
The #StJohnsChurch stood for 204 years (or 51 presidential terms) and @realDonaldTrump is the @POTUS that let it bu‚Ä¶ https://t.co/hgCaBupd3Z,0,1,1
RT @ananavarro: Are you a racist?,0,1,1
"RT @RobletoFire: America was shown what an """"offense against the First Amendment"""" looks like the day Assange was dragged out of that embassy‚Ä¶",0,1,1
"Why do you boomers call collections or collectibles junk or garbage 

Di ba pwede to????????",0,1,0
"You need not look further than your local live news feed (@WTHRcom in Indy, in this case) to see casual and brazen‚Ä¶ https://t.co/xCS8rnZUd3",0,1,0
"RT @moonybora: HOW TO DONATE BLM WHEN YOU HAVE NO MONEY

i saw this on tumblr, there is a long youtube video filled with art and music from‚Ä¶",0,1,1
People dont hate a person /race they hate the streotype and STREOTYPES EXIST FOR A REASON .,0,1,1
"When will you end world hunger, Jeff? #endworldhungerbezos",0,1,0
RT @___caterinaaa: BRUH FIRST WE GET TWO CHAPTERS IN A YEAR AND NOW MIURA CONFIRMED THAT A BERSERK ANIME IS CONFIRMED FOR 2021!? THREAD: ht‚Ä¶,0,1,0
"RT @EasyWithAces: Monday night rave club. It was a pleasure.

We didn't win the BB $109.

In fact we bust shortly afterwards. Still one of‚Ä¶",0,1,0
Not fair at ALL!! üò≠üò≠üíî https://t.co/iqdCwK6QYT https://t.co/IFc9BRdePL,0,1,0
RT @_sarahecampbell: Please don't use the #BLM to promote your book giveaway and to gain followers. That's disgusting!,0,1,0
"Carl Grimes: Can I wrap up my face, now?

Negan: No. You absolutely can not.

#TheWalkingDead
Season 7
Sing Me a So‚Ä¶ https://t.co/3PmKQdStVN",0,1,0
"I‚Äôm planning on building a EDH deck with #syfy movie style creatures, Sharktopus, Shark Typhoon, that kind of stuff‚Ä¶ https://t.co/R6aykEEzd2",0,1,0
"RT @FOXSportsRays: OUTTA HERE! 

Brandon Lowe makes his presence known early in this @RaysBaseball Rewind!

Watch on FOX Sports Sun &amp; FOX S‚Ä¶",0,1,0
RT @onlythebraveIou: for all you commenting all lives matter under this. https://t.co/qruOKpotJU,0,1,1
@CORSAIR a microphone for streaming,0,1,0
RT @OnlySaying1: @WTO_Rules @zombie_nun @MrSimonMount1 @oneofmany231 I did 3 jobs for 2 years in my teens bought my first house at 22. Noth‚Ä¶,0,1,0
@CanadianGleek92 @atedrick7 @jongraywb Yup she deleted her Twitter,0,1,0
RT @kil0smith: this is what we mean by systemic. this woman is assumed to be an employee and every other Black person on screen is a ‚Äúloote‚Ä¶,0,1,1
"RT @Alythuh: üïä black businesses üïä

I want to buy your clothes, skincare, art, candles, wines, furniture, lingerie, anything. Share them bel‚Ä¶",0,1,0
RT @smtanni: you too ‚ù§Ô∏è,0,1,0
"@dalehay YouTube """"Stewart Lee"""" then. I strongly recommend """"Stewart Lee Brexit"""" as your first search to let you full‚Ä¶ https://t.co/XMHfkm8sBa",0,1,0
"@Nicole24568 I have king monkey,fly ride unicorn,and two albino monkeys for a neon?",0,1,0
"RT @cnnbrk: In Oakland, California, just east of San Francisco, peaceful protesters are being detained and arrested for being on the street‚Ä¶",0,1,1
@GlatzelMaggie @NMadhaiP @zach_attack1991 @Sethrogen This is so false. I have spent HOURS watching live footage of‚Ä¶ https://t.co/5oFtiROcE1,0,1,0
Secret FBI:  To win @PlayOLG #Lotto649 you will have to buy 50 tickets to randomize 49 numbers to hit the jackpot!‚Ä¶ https://t.co/0GdE6Uj0X5,0,1,0
"RT @philsadelphia: HORRIFYING photos of the damage done to public property by dangerous protestors in philly yesterday... 

just kidding. t‚Ä¶",0,1,1
@k_kamehameha @Jennifer__Brett @jaketapper And what is it that Fox News does daily? Besides promote the constant li‚Ä¶ https://t.co/Im9OkZIGao,0,1,1
"RT @DrTedros: A new #Ebola outbreak detected in western #DRC, near Mbandaka, √âquateur province. @MinSanteRDC has identified 6 cases, of whi‚Ä¶",0,1,0
"Spirit should speak only as an unicorn(maybe just telepathically with She-Ra,bc that's one of her powers)
a lot of‚Ä¶ https://t.co/kt0TzDAwSJ",0,1,0
"RT @scottmbeggs: Cops tell him to move. He asks where they want him to go, and calmly says he'll go wherever they say. They don't answer. T‚Ä¶",0,1,1
@lily_pad_thai I hope your situation gets better as soon as possible. Try to take care of yourself as much as you c‚Ä¶ https://t.co/QuDtJbr0Tn,0,1,0
@BJPITCellTS @bandisanjay_bjp @manthriji @kishanreddybjp @Arvindharmapuri @BJP4Telangana @DrGaddamVivek‚Ä¶ https://t.co/SXCd2TJMa9,0,1,0
"RT @namoscheeks2: [TWICE] ALL variety shows, special episodes &amp; important shows since debut during present times 

ALL EPISODES, WITH LINKS‚Ä¶",0,1,0
"Siento que ya no me reconocen xD 

seungcheol best leader soonyoung radiant minghao gorgeous y seungkwan galaxy hos‚Ä¶ https://t.co/4luNS4gWMh",0,1,0
RT @miniksj: do yall like my fancam?? ü•∫ü•∫ https://t.co/I5CzJx5EpV,0,1,0
Oh hao is gonna be on joox today right??,0,1,0
We are returning to Magic: the Gathering's Greek myth inspired world of Theros to check out my favourite of the The‚Ä¶ https://t.co/BrWGTQ1YH6,0,1,0
@KClarkRD @FREED0Mwarrior @RealLatinX @VanJones68 @CNN @wkamaubell Lady just stop. Trump has hurt POC and especiall‚Ä¶ https://t.co/NCqjaZM6qo,0,1,1
RT @BydExtraction: BREAKING: 300+ organizations release statement outlining and denouncing the four major ways in which multinational #mini‚Ä¶,0,1,0
"Deck: Boros Cycling Aggro
On the Play
Format: Standard
Deck list: https://t.co/uYgS7VDTpa
#KeepOrMull
#MTGStandard‚Ä¶ https://t.co/7mKV1jDqz3",0,1,0
"Contemplating using Keruga as a companion for EDH, but the prospect of starting the deck engine turn 3 at the earli‚Ä¶ https://t.co/kRRawKXMaE",0,1,0
RT @lisa_deplorable: @IngrahamAngle @CNN Because they probably set it all up w Soros and the Democrats!,0,1,1
RT @SwindonPete81: @chlozil_ @MrSimonMount1 @oneofmany231 @zombie_nun You try growing up in a sink estate with a German name in the 80s eve‚Ä¶,0,1,0
RT @TessaxYoung_: These last couple of days have been so awful to watch. But it needs to be seen and it needs to be heard. #blacklivesmatte‚Ä¶,0,1,1
"RT @ThePeteEffect: Anderson Cooper loses it, finally.  Rightfully.  Righteously.

On Trump‚Äôs failed photo op:

‚ÄúThe only person the world i‚Ä¶",0,1,1
"""""Every man is a son to a daughter"""" be different be kind love all and be great!!! Everybody matters message me if yo‚Ä¶ https://t.co/MvhhJm6oRv",0,1,0
RT @Zyo: I'm working on a Pride Animal set right now that I hope to be done soon. Each flag is paired with a different animal. I'd like to‚Ä¶,0,1,0
Finished in the Top 16 playing in @TeamLotusBox's #MTGLegacy Event (200+ players). The deck was great for the meta‚Ä¶ https://t.co/GkwNqomNsW,0,1,0
RT @corri_gama: Please understand that rape isn't the only form of sexual assault.,0,1,0
"RT @MuslimAssocSA: We will be distributing blankets throughout this evening &amp; over the next few days to the homeless, across shelters &amp; oth‚Ä¶",0,1,0
@JTudent @Zaneabs @SpottedLaurier (b)during OWeek or first week of classes have anti-oppression sessions led by the‚Ä¶ https://t.co/GjFiZdd9p0,0,1,0
"RT @hakunamalata: Just because you uploaded a black square on your socials, doesn‚Äôt mean you can call it day. Donate, sign petitions, and s‚Ä¶",0,1,1
"Gambling:  heavy bullish bets coming from small-volume options traders, day traders and even those who normally dab‚Ä¶ https://t.co/pe6Mf4gOqT",0,1,0
"The Witcher:
Weary from their travels, Geralt &amp; Yen decided to buy a castle in Loc Muinne and there they settled for all eternity",0,1,0
"RT @osnapitzkels98: If your in flagstaff,Az protesting please please be safe! Please peacefully protest flagstaff is build on so many small‚Ä¶",0,1,1
@abbi_is_unicorn i would never be Evil only as a bit,0,1,0
RT @TrumpWarRoom: The idea that Joe Biden is some kind of racial healer is a joke. https://t.co/q1hDrs199C,0,1,1
"@jvmvisvu Voy a poner varias si no te importa:
Twice - More &amp; More
VICTON - Mayday
Dreamcatcher - Scream
Onewe - En‚Ä¶ https://t.co/TrmSK2nMs5",0,1,0
"RT @Skyward__: I fight for the safety of my black friends.
I fight for the reform of a broken and exploitive system.
I fight because I beli‚Ä¶",0,1,1
"RT @robsmithonline: Car full of white people gets caught handing bricks to group of young black men to throw.

Peaceful black protesters:‚Ä¶",0,1,1
this includes even things you may consider small and simple such as fucking including the lesbian flag in your prid‚Ä¶ https://t.co/2GgyWiUAKD,0,1,0
"Just posted my newest video, full game chalet - UNCUT. Trash talk too :D
https://t.co/4k6cSIy85x

#r #rainbowsix‚Ä¶ https://t.co/uOjYZEvfup",0,1,0
"Not alive but I‚Äôm still walkin‚Äô
When the sunrise is upon me
I‚Äôll be waitin‚Äô for the day to pass by
Oh why
I became‚Ä¶ https://t.co/fhFcXIc5I5",0,1,0
If you listen to us or have played #EDH with us you may have caught on we have funny words for somethings. This is‚Ä¶ https://t.co/oKwwvfvCiq,0,1,0
"RT @jeremycorbyn: We stand shoulder to shoulder with those in the US and globally who feel anger, hurt and fear after yet another instance‚Ä¶",0,1,1
RT @AhraniLogan: Dem leaders supporting Antifa‚Äôs destruction &amp; torching of black communities is the biggest ‚ÄúStay In Your Lane‚Äù we have see‚Ä¶,0,1,1
RT @dodo: Looking for ways to take action? The @NAACP_LDF is fighting for equality and racial justice in America. We support their mission‚Ä¶,0,1,1
"RT @lilstew92: click this link to automatically open your email, pre populated with an email template for you to send to the minneapolis po‚Ä¶",0,1,1
"RT @kerrinjconnolly: we have hit our cap BUT Y'ALL
together we have donated:
$400 - MA bail fund
$200 - nw community bail fund
$200 - campa‚Ä¶",0,1,0
RT @mykved: Y‚Äôall still believe in the Freemasons/Illuminati in 2020??? I thought we left that shit in 2012,0,1,0
"I am by no means religious, but there it is. ‚ÄòConquest‚Äô is Trump implementing Martial Law in the US.
The Four Horse‚Ä¶ https://t.co/24QKyk9kt2",0,1,0
"Justice for George Floyd, Jo√£o Pedro, and for the others all victms of this cruelty, for the end of this injustice.‚Ä¶ https://t.co/BZsroq60IB",0,1,1
"RT @cenkuygur: We spent a decade warning about pitchforks. The establishment thought we were the radicals. No, we were warning you this was‚Ä¶",0,1,1
"RT @maryeroach_: Good morning everyone. Some updates on the scene in Minneapolis &amp; St. Paul right now.

Yesterday, there was a large assemb‚Ä¶",0,1,1
"RT @SaraSoueidan: I just created a @Twitch account. I might use it. üëÄ

üé• https://t.co/vf7jUomXJ2",0,1,0
"RT @jsphflrs: 1) Tear gas the fuck out of protestors. 
2) Cite the Insurrection Act of 1807. 
3) Essentially declare Martial Law. 
4) Walk‚Ä¶",0,1,1
RT @Osastheking: They say that you people‚Äôs Instagram skit makers have cases too o.,0,1,0
"RT @TWICE_Charts: [DEBUT] @JYPETWICE 'OXYGEN' ‚Äî 07PM KST Update:  

#5 Bugs 
#38 Soribada
#19 Genie 
#67 MelOn",0,1,0
"@thisiscapj its all good, im rey be blessing ppl 
let my piece be steel no liesüòÇ",0,1,0
@TheRickWilson Centaurs are debased. Our Piloerection induced from that church scene with pre-emptive blasts  amid‚Ä¶ https://t.co/4sdD5p1zZp,0,1,0
RT @ARizzo44: 1 of my favorite things about being an athlete is getting to know people from all around the world &amp; learning different cultu‚Ä¶,0,1,0
@Zombie_GirlieTV This is how a lot of white americans use the term as well.,0,1,1
@konev1944 @DylanAPavel @sclibearian @factsnotficti10 @NAllison89 @intersexfacts @unwitod @Wifty8 @LisaTMullin‚Ä¶ https://t.co/u4rVCd5akv,0,1,0
RT @BMEV209: #MODESTO showed out today!! Believe me this won‚Äôt stop until JUSTICE is served!! #nopeacenojustice We‚Äôre gunna win this one!!‚Ä¶,0,1,1
"RT @VPNightshade: @jstrode929 @ReconRandy444 Its not his responsibility.

Its the responsibility of the Mayors/Governors 2 keep &amp; maintain‚Ä¶",0,1,1
RT @naomieniola: imagine music without black people,0,1,0
Oh no! Thatch of the Whitebeard pirates has been turned into an ICHIYA zombie!#whitebeard #whitebeardpirates‚Ä¶ https://t.co/nmae2sNk6E,0,1,0
RT @RyanAshley: New @JYPETWICE album is out today! I co-wrote ‚ÄòMAKE ME GO‚Äô ‚ù§Ô∏è‚ù§Ô∏è https://t.co/Uq6cYPa3VX,0,1,0
@unicorn_1485 Glad you‚Äôre home rest and take care xx,0,1,0
"RT @gukth: """"the dreamcatcher in my room, the story of 7 years would it be why its more special """" - friends https://t.co/iNCfoLGORc",0,1,0
"I want to do something, but I don't know what. I'm not an 'influencer', I don't have a social media voice, and I ba‚Ä¶ https://t.co/xBPnb447t3",0,1,1
RT @sarahhdurante: UPDATE:14 and 5 they are sending ANOTHER prison van! 2 minute ETA! STAY SAFE #BlackLivesMattter #blm #NYPDScanner #nycpr‚Ä¶,0,1,1
RT @dsengeh: The Govt of #SierraLeone (led by @DSTISierraLeone &amp; @stats_sl) + partners @grid3global developed rapid pop est. (100m resoluti‚Ä¶,0,1,0
"RT @sap_brian: i agree that violence isn‚Äôt the way to go, but can you also say the same about the cops attacking peaceful protesters? or ar‚Ä¶",0,1,1
"@oldudershead @StephenKing You think because one Target burned down in one city somewhere you‚Äôve never heard of, it‚Ä¶ https://t.co/hXcv6xKNy9",0,1,1
Let us not forget what the President said when a Black man peacefully protested.  He called him an SOB.  Then the N‚Ä¶ https://t.co/U65BwPkOHL,0,1,1
"Twitter has become unbearable due to the tidal wave of bandwagon jumping, liberal, race baiting social justice warr‚Ä¶ https://t.co/xEzB9g89ty",0,1,1
"@InitiativeRole @phyrce @vaughn_romero @Hjorimir Good news: Turn undead destroys zombies now.

Bad news: There is s‚Ä¶ https://t.co/A1I56aUICR",0,1,0
RT @ITalkFortnite: Fortnite hasn't tweeted in 3 days. I wonder what's up.,0,1,0
RT @brentfaiyaz: Man sometimes I just wanna gtf outta here.,0,1,0
"RT @Reis_Diggerboy: Thank you GiantPunky for being the better in this. 

Also just because me and @ZombieRaay glitched to get planes dosent‚Ä¶",0,1,0
Cooking Cousins will start at 5:30pm tonight. Come by for some amazing cooking and my spectacular beard.‚Ä¶ https://t.co/0cMzdbIfmK,0,1,0
@DavidWoke @michellemalkin @CNN I did see some white black people there,0,1,1
Finally joined Twitter! I've been a social media hold out but getting to discuss about my favorite game has won me‚Ä¶ https://t.co/BZnTyOeKU6,0,1,0
"So @WendyBa80901984 is a badass. 

Look at what she and her husband Chris made for everyone to enjoy? A bench and p‚Ä¶ https://t.co/ofDL9uPj7N",0,1,0
"With historic @StJohnLafayette Square now being burned by #BlackLivesMatters/#Antifa rioters, shouldn't‚Ä¶ https://t.co/9QsaJFyw8F",0,1,1
@doghandleruk Cheers mate x,0,1,0
RT @FanShehnaaz: Whenever someone from our own fandom commented something about Rashami and Asim. I saw our people asking him/her politely‚Ä¶,0,1,0
"If everyone cared about black lives as much as they do about the looting and damaging of businesses, the world woul‚Ä¶ https://t.co/gY85fkK5Xr",0,1,1
@halsey we can see it,0,1,0
@CNN üòÇüòÇüòÇüòÇoh the ironyüòÇüòÇüòÇüòÇ,0,1,0
"The storm that Mario jump, however, we are, don't care! Touch my class in numerous secret network of time for a sum‚Ä¶ https://t.co/huUXhEZiAD",0,1,0
My instinct tells me that I need to test my vagina still works. So we‚Äôre all good.,0,1,0
how does one defend themselves from systematic murder if they don't belong in the kind of businesses that are makin‚Ä¶ https://t.co/ND3mP9pQ2z,0,1,0
@ScienceLover4 Hey man. I couldn‚Äôt handle ALL THIS CHOAIC either. It was making my body feel tense &amp; overwhelmed.‚Ä¶ https://t.co/oNx3CHTIn1,0,1,0
@MiaMBloom @CNN How about not destroying any property?,0,1,1
@johnrobertsFox @CNN They were impersonating news people.,0,1,1
@Unicorn_Porn_4 Hmmm I wonder why ü§îüòÇ,0,1,0
@atomicthumbs yeah Twitter is real bad for misery browsing. I‚Äôve taken time to just decompress since everything is‚Ä¶ https://t.co/x7GXEjIDSu,0,1,0
"For @maro254/#WOTC to avoid a #branding PR mess, they need to:

-- temporarily halt all production of premium produ‚Ä¶ https://t.co/HZNlUHmVl3",0,1,0
RT @twatterjailbird: @takeniteasy1 @EddieDonovan @realDonaldTrump He expected the same rights as everyone else.,0,1,1
RT @YourAnonNews: Trump is hiding in an underground bunker rn.  No joke.,0,1,1
RT @takeusout_lynda: @Debbiejcd1 @EDM174 @zombie_nun @gymslip @steveedwards18 @DANIELMCAVOY9 @MrSimonMount1 @oneofmany231 We survived üò±,0,1,0
"RT @themoneygps: STAY HOME UNTIL SEPTEMBER? Many cities doing the same thing. While big businesses can work from home, small businesses wil‚Ä¶",0,1,0
"Big Shoutout to @plugandplaytc,@rusnano_en,@goldmansachs,@ifc_org,@kite_ventures,@atomico,@frontiervc,@gcvp and oth‚Ä¶ https://t.co/Nn0IFmtvNv",0,1,0
"RT @justN0chu: Thank you for existing.

Thank you for making our  hearts happy.

We love you ALWAYS

Borahae. üíúüíúüíú

#BTSV https://t.co/NwQXH‚Ä¶",0,1,0
"RT @ShadowfamD: From today pride month is starting. Maybe you remember our pride rune from last year?
This year we have yet another surpris‚Ä¶",0,1,0
RT @JimbOU1950: Can you hear it? Neither can I. Hear what? The Democratic leadership encouraging peace and non-violence.,0,1,0
"RT @Chaeryi_: PLESH LEMME GET IT, ILL GIVE AWAY 10 ROBUX TO SOMEONE WHO HELPED IF I GET IT #Adoptmetrade #adoptmetrading #Adoptmetrades #ro‚Ä¶",0,1,0
RT @JeongyeonFC: US ONCES: PLEASE BUYBTHE ALBUM ON ITUNES WE ARE SO CLOSE https://t.co/z7SyA6Ei9W,0,1,0
Hey @GOPChairwoman @GOPLeader @GOP @realDonaldTrump @RealSaavedra @dbongino @Cernovich @DineshDSouza @IngrahamAngle‚Ä¶ https://t.co/tb6XOhp6gF,0,1,1
INFOGRAPHIC: How the Chinese Regime Colluded With WHO During the Pandemic https://t.co/nhexClf7IS via @epochtimes‚Ä¶ https://t.co/PTKAXd6mMy,0,1,0
RT @petitemadamee: Black people in Brazil are fighting the same fight as black peoples in America and they‚Äôre the majorityüò§I am tired. The‚Ä¶,0,1,1
"@TwoBitMedia July: Aliens Invade Earth
August: Yellowstone blows!
September: Everythings on Fire now
October: Zombi‚Ä¶ https://t.co/HTgWpMldnW",0,1,0
"Oddly, the stupid earbud stayed in for *that* even the rolling part, but continued to be wobbly and fally outy for‚Ä¶ https://t.co/FxEm4yQN1c",0,1,0
@FiGauld We have rain...,0,1,0
"Don't be a scared white person, calling the cops cause you are inconvenienced for a second or see a fight you aren'‚Ä¶ https://t.co/nIE6IQtlt6",0,1,1
We must stick together.I see the color of ur skin and I respect YOU! no matter what race.U all matter!We need to st‚Ä¶ https://t.co/v8xk4GgAKC,0,1,1
Trump called for ‚Äúmaga night‚Äù. Protestors showed instead. Trump cowered in his bunker. America wants justice. We wo‚Ä¶ https://t.co/bCyC6WaWVK,0,1,1
@TWalkingDWorld It's been truly incredible. I've lost count of all the similarities between the reality of the past‚Ä¶ https://t.co/QGdRDxhQnb,0,1,0
All jokes aside that was a good as hook throw lol https://t.co/cTjbtX7lRD,0,1,0
RT @goonguy: Saw a friend post this and agree... Maybe we should have a national strike. Don‚Äôt feed them anymore lives  in public protest l‚Ä¶,0,1,1
"#f2b It's open lines tonight with our @JChurchRadio Fader Fam! Less than an hour to go, make sure your fur babies h‚Ä¶ https://t.co/d6BFOpgI72",0,1,0
"RT @PamKeithFL: Raise your hand if you‚Äôre against fascism. 

üôãüèæ‚Äç‚ôÄÔ∏è",0,1,1
RT @YourAnonCentral: What the @realDonaldTrump regime shows you vs reality. This is what State media doesn't want you to see. #ICantBreathe‚Ä¶,0,1,1
@kealaokalani Message received,0,1,0
I‚Äôve been sayin dudeee COLE IS A KINGü§¥üèæ.#BlackLivesMatter #ColeWorld https://t.co/Ws6j8ZgBwO,0,1,1
@0Postsender This https://t.co/4v7fvf0rma,0,1,0
"RT @EvelynYang: If you didn‚Äôt know, here is an appalling statistic: Black women are 3x more likely to die at childbirth. This is structural‚Ä¶",0,1,1
"RT @kristine_kenyon: @brianschatz Can we all share this picture far and wide? This is true leadership in a crisis, and the contrast with Tr‚Ä¶",0,1,1
RT @MOFA_Taiwan: Vice Minister Tsao proudly donated #TaiwanCanHelp face masks to Rep. Matsebe from the Liaison Office of #SouthAfrica in #T‚Ä¶,0,1,0
"Today, I asked @jkenney why it's OK for taxpayers to pick up the bills stacked up at UCP headquarters, but there's‚Ä¶ https://t.co/qPJEGtp2oj",0,1,1
"RT @wattpadcomment: Please take time  to text: 
‚Ä¢ ‚ÄòJUSTICE‚Äô to 668-366 
‚Ä¢ ‚ÄòFLOYD‚Äô to 551-56 

Other petitions to sign: 
‚Ä¢ https://t.co/siVT‚Ä¶",0,1,0
"K12 Survival Kits are still available! Get them now while they are still in stock!

https://t.co/f2VuL0DLFU‚Ä¶ https://t.co/pHrpgHazwb",0,1,0
"RT @latostadadeshua: @seventeenteama Hahahaha xD

seungcheol best leader soonyoung radiant minghao gorgeous y seungkwan galaxy hoshi rainbo‚Ä¶",0,1,0
"Yesterday, I witnessed 2 youngish women sitting flat on the pavement, in a public parking-lot, with their #Food &amp; B‚Ä¶ https://t.co/8iOdqzbEVc",0,1,0
@unicorn_shopper DONE SIS ü§óü§ó,0,1,0
"No stream today. Too much going on, and I have to clean up a little bit. If all goes according to plan, I will be s‚Ä¶ https://t.co/FeKdQO92n1",0,1,0
"MY COMPANY MATCHES DONATIONS 2:1 (up to $5,000). If you would like to donate and be matched, message me! I currentl‚Ä¶ https://t.co/2uZZmhcpiG",0,1,0
"RT @lizzybear2020: I understand that I will never understand, as a white female. 

But I will help those who do, to fight for equality. #Bl‚Ä¶",0,1,1
RT @_youhadonejob1: Know your bees. https://t.co/ND59Fcyaqb,0,1,0
"RT @HouseBudgetDems: To reopen our economy safely, we need reliable testing and clear guidelines. States need resources to prepare for a po‚Ä¶",0,1,1
"RT @lao_2: This filthy, despicable, loathsome, vile animal was caught in an uncompleted building beside my house this morning sleeping with‚Ä¶",0,1,0
"RT @JLPtalk: Democrats crackdown on peaceful protestors who want to reopen their businesses, go to beach, get a haircut...but they don‚Äôt ha‚Ä¶",0,1,1
"WITHOUT CAMERAS, WE‚ÄôD ALL BE FUCKED RIGHT NOW. 
EVERYTHING IS BEING FILMED AND THE COPS CAN‚ÄôT SAVE THEMSELVES ANYMO‚Ä¶ https://t.co/WRMWfZrcMz",0,1,1
RT @foxxykang: I'm a soon-to-be-denimom of FIVE little denimalz and I did a little something to anticipate the arrival of my denikidz. Get‚Ä¶,0,1,0
RT @Mlusterone: The fact that South Africa youth queued on the first day of youth month to get alcohol so early in the day breaks my heart.‚Ä¶,0,1,0
RT @GrahamLedger: Tonight: The #Trump administration makes it clear to #governors: put down #unlawfulness. Also: Weak blue city #mayors ple‚Ä¶,0,1,1
"RT @IcahnMountSinai: """"This study provides important evidence associating right heart strain with adverse outcomes in hospitalized patients‚Ä¶",0,1,0
@HaxShax Spanks!,0,1,0
"RT @KFCBarstool: Sometimes I think explaining things in its most basic, humorous form reaches the most people and helps them understand. ‚ÄúB‚Ä¶",0,1,0
"RT @mingiimx: Everyone planning to protest please watch this video, Hyram is a skincare and knows what you should do if you get mace and/or‚Ä¶",0,1,1
RT @victoriaalxndr: While you‚Äôre expanding your anti-racist knowledge and book collection please also support Black Owned Bookstores! Many‚Ä¶,0,1,1
RT @TRIVIAOTR: @CharlieGileNBC PLEASE HE IS MISSINGGG HELPPPPP https://t.co/rqGn138y2V,0,1,0
@ChrisCuomo please get your amazing @cnn correspondent a gas mask. At least @ChrisCuomo commented that she is not p‚Ä¶ https://t.co/EnaRYGjfEv,0,1,1
"RT @ashleyn1cole: I keep seeing news anchors say """"It's unfortunate that the looters are taking attention away from the real issues"""" while t‚Ä¶",0,1,1
"RT @SaniaNishtar: Cumulatively, 7.512 million deserving families under categories-1, 2 &amp; 3 of #EhsaasEmergencyCash have withdrawn Rs. 91.61‚Ä¶",0,1,0
@unicorn__bubble @akanshas07 @jiminugh @PDPJ Their kind chose to be cops though.,0,1,1
"RT @PanditKatti: On popular demand, my next Jyotish live Facebook event continues the #Jobs #career decoding the career graph.  #economy #j‚Ä¶",0,1,0
@NYGovCuomo Any elected official who isn't calling for the 25th amendment to be invoked is playing politics with ou‚Ä¶ https://t.co/4cY1GkJanz,0,1,1
"While the celebrities are handing out money, can they buy y'all some dictionaries too?  Some of you need it.‚Ä¶ https://t.co/rmbmZuLNLv",0,1,0
"@realDonaldTrump 
Hides in a bunker like Hitler
Lies about the media being the enemy like Hitler
Claims any that op‚Ä¶ https://t.co/vsPMeKTi0X",0,1,1
"RT @GIJobsMagazine: This special issue of Vetrepreneur¬Æ focuses on veteran business ownership, including how six veteran business owners re‚Ä¶",0,1,0
"@DelphineLuneau I'm so sorry, Delphine !!üíî",0,1,0
"Maybe give changing your hair to a braid a shot, if you are bored",0,1,0
"RT @MrMBB333: ~Tijuana~

Thanks to my loyal viewers for sharing incredible pictures. Don‚Äôt forget to like and follow me on all social platf‚Ä¶",0,1,0
i did not go thru comp het for 3 years to be left out of all of these fuckiing lgbtq+ posts and be grouped in with‚Ä¶ https://t.co/V3hwSY88um,0,1,0
"RT @MTGAB: Thursday June 4th we're participating at Redeye's gaming day, presenting on our business and mission, and explaining why we beli‚Ä¶",0,1,0
RT @themisstoto: had a 1k goal today and raised $2341.26. thank you to everyone who donated!! i will post below where i donated along with‚Ä¶,0,1,0
RT @textstagram_: i wanna hug you rn but you're too far,0,1,0